date,open,high,low,close,volume
2022-07-10 20:00:00,1.01697,1.01834,1.01648,1.01672,6178.7531
2022-07-11 00:00:00,1.01674,1.01675,1.01348,1.01494,69634.9
2022-07-11 04:00:00,1.01493,1.01544,1.01056,1.01108,65453.1
2022-07-11 08:00:00,1.0111,1.0132,1.00823,1.00899,64078.59
2022-07-11 12:00:00,1.00897,1.01038,1.00521,1.00854,59015.85
2022-07-11 16:00:00,1.00853,1.00875,1.00336,1.00452,28307.45
2022-07-11 20:00:00,1.00451,1.00475,1.00346,1.00458,19123.54
2022-07-12 00:00:00,1.00456,1.00552,1.00059,1.00258,80380.62
2022-07-12 04:00:00,1.00257,1.00391,1.00028,1.00084,105506.22
2022-07-12 08:00:00,1.00083,1.00693,0.99999,1.00397,54596.63
2022-07-12 12:00:00,1.00398,1.00738,1.00327,1.00685,66697.52
2022-07-12 16:00:00,1.00684,1.00725,1.0032,1.00322,17476.47
2022-07-12 20:00:00,1.00323,1.00414,1.0025,1.003,15516.19
2022-07-13 00:00:00,1.003,1.00469,1.00226,1.00363,84023.39
2022-07-13 04:00:00,1.00363,1.00529,1.00062,1.0033,55773.33
2022-07-13 08:00:00,1.00327,1.00695,1.00232,1.00675,48734.18
2022-07-13 12:00:00,1.00676,1.01222,0.99979,1.00779,146426.73
2022-07-13 16:00:00,1.00778,1.00973,1.00541,1.00591,38180.87
2022-07-13 20:00:00,1.00593,1.00618,1.00304,1.00342,18777.628
2022-07-14 00:00:00,1.00341,1.00434,1.00136,1.00328,81016.62
2022-07-14 04:00:00,1.00329,1.00464,1.00052,1.00362,73236.26
2022-07-14 08:00:00,1.00364,1.00503,1.00047,1.00093,79975.87
2022-07-14 12:00:00,1.00092,1.00477,0.99521,1.00272,131502.93
2022-07-14 16:00:00,1.00272,1.00376,0.99835,1.00153,98105.33
2022-07-14 20:00:00,1.00155,1.00263,1.001,1.00263,18356.28
2022-07-15 00:00:00,1.00263,1.00411,1.0011,1.00256,47565.74
2022-07-15 04:00:00,1.00256,1.00356,1.00068,1.00285,47872.67
2022-07-15 08:00:00,1.00282,1.00659,1.00169,1.0054,41334.24
2022-07-15 12:00:00,1.00541,1.00979,1.00408,1.00899,86136.64
2022-07-15 16:00:00,1.00898,1.00936,1.00718,1.00823,26844.54
2022-07-15 20:00:00,1.00823,1.00877,1.00794,1.00821,2202.44
2022-07-17 20:00:00,1.00811,1.00978,1.00785,1.00972,7999.49
2022-07-18 00:00:00,1.00972,1.01143,1.00866,1.01042,31352.11
2022-07-18 04:00:00,1.01041,1.0149,1.00812,1.01458,48874.05
2022-07-18 08:00:00,1.01457,1.01752,1.01196,1.01422,54889.29
2022-07-18 12:00:00,1.01425,1.02011,1.01195,1.016,52745.43
2022-07-18 16:00:00,1.01601,1.01773,1.01408,1.01431,28393.32
2022-07-18 20:00:00,1.01431,1.01485,1.01385,1.01463,11505.32
2022-07-19 00:00:00,1.01464,1.01483,1.01195,1.01267,28584.61
2022-07-19 04:00:00,1.01267,1.02438,1.01241,1.02412,44810.31
2022-07-19 08:00:00,1.02414,1.0269,1.022,1.02534,85248.0
2022-07-19 12:00:00,1.02534,1.02646,1.02245,1.02387,85189.37
2022-07-19 16:00:00,1.02386,1.02451,1.02211,1.02214,29290.25
2022-07-19 20:00:00,1.02214,1.02413,1.02214,1.02307,11133.17
2022-07-20 00:00:00,1.02308,1.02484,1.02307,1.0243,12065.12
2022-07-20 04:00:00,1.02429,1.02729,1.0221,1.02256,30081.68
2022-07-20 08:00:00,1.02255,1.02527,1.0173,1.01907,66393.01
2022-07-20 12:00:00,1.01905,1.02377,1.01792,1.02147,65168.6
2022-07-20 16:00:00,1.02149,1.02173,1.01553,1.01775,34161.72
2022-07-20 20:00:00,1.01775,1.01879,1.0174,1.01807,8336.06
2022-07-21 00:00:00,1.01808,1.02134,1.01782,1.02088,10987.81
2022-07-21 04:00:00,1.02088,1.02304,1.01903,1.01959,27043.97
2022-07-21 08:00:00,1.01963,1.01989,1.01656,1.019,60806.31
2022-07-21 12:00:00,1.01901,1.02781,1.01531,1.02001,153010.15
2022-07-21 16:00:00,1.02001,1.02119,1.01749,1.02113,37959.21
2022-07-21 20:00:00,1.02114,1.02336,1.02051,1.022,8157.984
2022-07-22 00:00:00,1.022,1.02216,1.01846,1.01907,19577.95
2022-07-22 04:00:00,1.01904,1.02134,1.01297,1.01378,32461.62
2022-07-22 08:00:00,1.01384,1.01854,1.01345,1.01757,96052.77
2022-07-22 12:00:00,1.01757,1.02553,1.01694,1.02266,105307.59
2022-07-22 16:00:00,1.02267,1.02391,1.01899,1.02119,65529.42
2022-07-22 20:00:00,1.02119,1.02161,1.02062,1.02119,3581.67
2022-07-24 20:00:00,1.02083,1.02185,1.01989,1.01991,15456.23
2022-07-25 00:00:00,1.01992,1.02129,1.01809,1.0207,57629.89
2022-07-25 04:00:00,1.0207,1.02223,1.01862,1.01928,68375.36
2022-07-25 08:00:00,1.01928,1.02578,1.01784,1.02295,82949.59
2022-07-25 12:00:00,1.02296,1.0255,1.02032,1.02098,59969.51
2022-07-25 16:00:00,1.021,1.02289,1.0206,1.02254,28297.26
2022-07-25 20:00:00,1.02257,1.02266,1.02148,1.02229,14159.17
2022-07-26 00:00:00,1.02229,1.025,1.02218,1.023,39295.49
2022-07-26 04:00:00,1.02299,1.02361,1.02082,1.02192,36981.18
2022-07-26 08:00:00,1.02192,1.02222,1.01247,1.01313,66699.8
2022-07-26 12:00:00,1.01312,1.01528,1.01128,1.01156,68359.75
2022-07-26 16:00:00,1.01154,1.01326,1.01074,1.01139,31497.36
2022-07-26 20:00:00,1.01143,1.01335,1.01138,1.01285,19880.82
2022-07-27 00:00:00,1.01285,1.01472,1.01278,1.01426,52700.14
2022-07-27 04:00:00,1.01424,1.01587,1.01274,1.01395,42567.4
2022-07-27 08:00:00,1.01394,1.0172,1.01342,1.01505,51332.4
2022-07-27 12:00:00,1.01506,1.01564,1.01051,1.01051,47323.2
2022-07-27 16:00:00,1.01052,1.02206,1.00966,1.02086,50603.16
2022-07-27 20:00:00,1.02085,1.02085,1.01887,1.02052,8924.8505
2022-07-28 00:00:00,1.02052,1.02156,1.01803,1.02095,18233.16
2022-07-28 04:00:00,1.02094,1.02343,1.01852,1.02099,26772.05
2022-07-28 08:00:00,1.02103,1.02195,1.01138,1.01178,84349.91
2022-07-28 12:00:00,1.01179,1.01748,1.01156,1.01651,122644.57
2022-07-28 16:00:00,1.01651,1.01882,1.01419,1.01864,35409.0
2022-07-28 20:00:00,1.01862,1.01995,1.01848,1.01918,20503.78
2022-07-29 00:00:00,1.0192,1.02247,1.01892,1.02131,47946.57
2022-07-29 04:00:00,1.0213,1.02542,1.02079,1.02363,102557.29
2022-07-29 08:00:00,1.02362,1.02457,1.01854,1.0209,90495.09
2022-07-29 12:00:00,1.0209,1.02129,1.0146,1.02013,115420.84
2022-07-29 16:00:00,1.02014,1.02228,1.01772,1.02208,61983.65
2022-07-29 20:00:00,1.02209,1.02269,1.0217,1.02248,2310.46
2022-07-31 20:00:00,1.02098,1.0224,1.02053,1.02102,22907.7874
2022-08-01 00:00:00,1.02102,1.02411,1.02075,1.02254,87947.11
2022-08-01 04:00:00,1.02253,1.02409,1.02132,1.02297,80028.03
2022-08-01 08:00:00,1.02298,1.027,1.0227,1.02329,111585.51
2022-08-01 12:00:00,1.02331,1.02751,1.02248,1.02681,141430.89
2022-08-01 16:00:00,1.0268,1.02748,1.02452,1.02583,84505.03
2022-08-01 20:00:00,1.02581,1.02686,1.02556,1.02627,26076.725
2022-08-02 00:00:00,1.02629,1.02939,1.0256,1.02736,134803.84
2022-08-02 04:00:00,1.02735,1.02795,1.02149,1.02245,104479.15
2022-08-02 08:00:00,1.02249,1.02453,1.0219,1.02236,109301.64
2022-08-02 12:00:00,1.02238,1.02357,1.0181,1.01957,168826.71
2022-08-02 16:00:00,1.01958,1.02103,1.01679,1.01687,94882.71
2022-08-02 20:00:00,1.01692,1.01727,1.01545,1.01563,34486.77
2022-08-03 00:00:00,1.01562,1.01934,1.01498,1.01912,106791.81
2022-08-03 04:00:00,1.01912,1.01929,1.0154,1.01777,119368.51
2022-08-03 08:00:00,1.01782,1.02102,1.01781,1.0184,126988.15
2022-08-03 12:00:00,1.01839,1.01967,1.01226,1.01444,162090.29
2022-08-03 16:00:00,1.01445,1.01738,1.014,1.0168,74108.15
2022-08-03 20:00:00,1.01683,1.01722,1.0156,1.01565,25954.35
2022-08-04 00:00:00,1.01563,1.0176,1.01542,1.01626,56278.28
2022-08-04 04:00:00,1.01626,1.01862,1.01565,1.01788,83358.8
2022-08-04 08:00:00,1.01787,1.01977,1.01602,1.01758,116913.47
2022-08-04 12:00:00,1.01758,1.02338,1.01653,1.0222,136157.17
2022-08-04 16:00:00,1.02218,1.02537,1.0218,1.02453,57024.39
2022-08-04 20:00:00,1.02452,1.0252,1.02422,1.02472,14849.92
2022-08-05 00:00:00,1.02472,1.02482,1.02294,1.02363,35872.49
2022-08-05 04:00:00,1.02363,1.02391,1.02224,1.02335,44916.95
2022-08-05 08:00:00,1.02334,1.02385,1.0218,1.02311,59006.54
2022-08-05 12:00:00,1.02308,1.02364,1.01415,1.01685,156243.0
2022-08-05 16:00:00,1.01688,1.01927,1.01664,1.01775,76743.62
2022-08-05 20:00:00,1.01777,1.01831,1.01761,1.01825,4137.71
2022-08-07 20:00:00,1.01726,1.01786,1.01691,1.01719,8896.79
2022-08-08 00:00:00,1.01718,1.01856,1.0159,1.01855,11616.8
2022-08-08 04:00:00,1.01854,1.02147,1.01712,1.0209,18012.36
2022-08-08 08:00:00,1.0209,1.0209,1.01726,1.02004,44290.19
2022-08-08 12:00:00,1.02011,1.02217,1.01838,1.02062,82907.67
2022-08-08 16:00:00,1.02061,1.02123,1.01851,1.01919,60350.47
2022-08-08 20:00:00,1.0192,1.01998,1.01912,1.01978,12540.62
2022-08-09 00:00:00,1.01976,1.02008,1.01885,1.01961,26718.87
2022-08-09 04:00:00,1.01957,1.02148,1.01916,1.02144,35901.51
2022-08-09 08:00:00,1.02146,1.02472,1.02134,1.02198,62788.67
2022-08-09 12:00:00,1.02199,1.02441,1.02191,1.02251,69584.46
2022-08-09 16:00:00,1.02251,1.02316,1.02024,1.02078,36067.42
2022-08-09 20:00:00,1.02078,1.02154,1.0205,1.02079,17192.05
2022-08-10 00:00:00,1.02077,1.0219,1.02027,1.02137,24015.16
2022-08-10 04:00:00,1.02139,1.02183,1.02051,1.02104,33954.99
2022-08-10 08:00:00,1.02103,1.02607,1.0202,1.02581,58264.58
2022-08-10 12:00:00,1.02585,1.03685,1.02401,1.03334,170409.64
2022-08-10 16:00:00,1.03333,1.03356,1.02945,1.03032,98327.71
2022-08-10 20:00:00,1.03031,1.03046,1.02956,1.02986,45093.26
2022-08-11 00:00:00,1.02986,1.03038,1.02812,1.02883,65317.7
2022-08-11 04:00:00,1.02886,1.03322,1.02752,1.03255,82088.67
2022-08-11 08:00:00,1.03254,1.03428,1.03185,1.03245,90973.04
2022-08-11 12:00:00,1.03244,1.03642,1.03234,1.03372,150005.79
2022-08-11 16:00:00,1.03372,1.03393,1.03095,1.03168,73242.71
2022-08-11 20:00:00,1.03167,1.03274,1.03134,1.03203,19813.53
2022-08-12 00:00:00,1.03202,1.03251,1.03048,1.03171,53816.37
2022-08-12 04:00:00,1.0317,1.03241,1.02911,1.02971,70244.57
2022-08-12 08:00:00,1.0297,1.03083,1.02775,1.02776,91379.05
2022-08-12 12:00:00,1.02776,1.02907,1.0238,1.02545,136503.27
2022-08-12 16:00:00,1.02545,1.02677,1.0251,1.02603,43404.93
2022-08-12 20:00:00,1.02603,1.02619,1.02544,1.0259,3945.89
2022-08-14 20:00:00,1.02551,1.02629,1.02534,1.02534,14567.78
2022-08-15 00:00:00,1.02533,1.02682,1.02397,1.02518,50686.71
2022-08-15 04:00:00,1.02519,1.02557,1.02299,1.0234,60397.12
2022-08-15 08:00:00,1.0234,1.02364,1.01857,1.01953,92668.06
2022-08-15 12:00:00,1.01952,1.0223,1.01812,1.01848,119418.68
2022-08-15 16:00:00,1.01848,1.01853,1.01544,1.01605,53960.36
2022-08-15 20:00:00,1.01604,1.01669,1.01533,1.01613,25461.13
2022-08-16 00:00:00,1.01614,1.01698,1.01473,1.01619,59940.88
2022-08-16 04:00:00,1.0162,1.01687,1.01339,1.01595,72546.99
2022-08-16 08:00:00,1.01595,1.01604,1.01225,1.01277,99413.65
2022-08-16 12:00:00,1.01276,1.01948,1.01247,1.01731,116209.2
2022-08-16 16:00:00,1.01731,1.01806,1.01618,1.017,51887.65
2022-08-16 20:00:00,1.01699,1.01747,1.01655,1.01694,20080.8
2022-08-17 00:00:00,1.01696,1.01792,1.0166,1.01733,50693.02
2022-08-17 04:00:00,1.01733,1.01864,1.01492,1.01663,65297.25
2022-08-17 08:00:00,1.01662,1.01838,1.01515,1.01672,92063.8
2022-08-17 12:00:00,1.01672,1.01984,1.01453,1.01611,120958.0
2022-08-17 16:00:00,1.01613,1.02029,1.01603,1.01801,86671.38
2022-08-17 20:00:00,1.018,1.01805,1.01724,1.01773,17340.54
2022-08-18 00:00:00,1.01774,1.01929,1.0167,1.01705,39794.16
2022-08-18 04:00:00,1.01704,1.01782,1.01458,1.01611,68626.09
2022-08-18 08:00:00,1.01613,1.0188,1.01579,1.01772,84936.93
2022-08-18 12:00:00,1.01771,1.01866,1.01116,1.01124,111652.64
2022-08-18 16:00:00,1.01123,1.0115,1.00795,1.00938,68494.52
2022-08-18 20:00:00,1.00937,1.00943,1.00845,1.00893,19565.6522
2022-08-19 00:00:00,1.00893,1.00911,1.00697,1.008,43342.41
2022-08-19 04:00:00,1.00801,1.00954,1.00717,1.00898,68466.0
2022-08-19 08:00:00,1.00902,1.00907,1.00454,1.00483,92586.4
2022-08-19 12:00:00,1.00483,1.00684,1.00348,1.00368,115144.78
2022-08-19 16:00:00,1.00369,1.00457,1.00318,1.004,48089.01
2022-08-19 20:00:00,1.00402,1.00431,1.00326,1.00326,3783.64
2022-08-21 20:00:00,1.00366,1.00404,1.00302,1.0036,24606.22
2022-08-22 00:00:00,1.00361,1.00466,1.00233,1.00428,48632.84
2022-08-22 04:00:00,1.00427,1.00428,0.99994,1.00037,60861.99
2022-08-22 08:00:00,1.00037,1.00182,0.9989,1.00006,100384.35
2022-08-22 12:00:00,1.00007,1.00086,0.99275,0.99345,128470.82
2022-08-22 16:00:00,0.99345,0.99493,0.9926,0.99426,63021.06
2022-08-22 20:00:00,0.99428,0.99455,0.99329,0.9938,16525.629
2022-08-23 00:00:00,0.99381,0.995,0.993,0.99418,60038.91
2022-08-23 04:00:00,0.99417,0.99496,0.99002,0.99332,95070.9
2022-08-23 08:00:00,0.99332,0.99427,0.99125,0.99245,104637.0
2022-08-23 12:00:00,0.99245,1.00181,0.99138,0.99733,173576.1
2022-08-23 16:00:00,0.99733,0.99802,0.99593,0.99687,69852.11
2022-08-23 20:00:00,0.99686,0.99733,0.99632,0.99662,22488.0
2022-08-24 00:00:00,0.99661,0.99718,0.99426,0.99474,55973.65
2022-08-24 04:00:00,0.99473,0.99618,0.99347,0.99532,63633.65
2022-08-24 08:00:00,0.99531,0.99582,0.99162,0.99266,101253.16
2022-08-24 12:00:00,0.99266,0.99993,0.99099,0.99666,169622.46
2022-08-24 16:00:00,0.99669,0.99756,0.99445,0.99715,61530.9
2022-08-24 20:00:00,0.99714,0.99734,0.99626,0.99677,18307.83
2022-08-25 00:00:00,0.99677,0.99926,0.99629,0.99863,54223.0
2022-08-25 04:00:00,0.99862,1.00334,0.99849,0.99994,91775.46
2022-08-25 08:00:00,0.99993,1.00119,0.99723,0.99763,112431.6
2022-08-25 12:00:00,0.99764,1.00004,0.9955,0.99567,144523.44
2022-08-25 16:00:00,0.99568,0.99789,0.9949,0.99767,64566.29
2022-08-25 20:00:00,0.99766,0.99778,0.99674,0.99706,31131.36
2022-08-26 00:00:00,0.99704,0.99745,0.99625,0.99703,40645.5
2022-08-26 04:00:00,0.99703,0.99744,0.99463,0.99739,71057.87
2022-08-26 08:00:00,0.99739,1.00234,0.99692,0.99972,86039.16
2022-08-26 12:00:00,0.99972,1.00898,0.99839,0.99971,143495.91
2022-08-26 16:00:00,0.99968,1.00028,0.99563,0.99652,71619.39
2022-08-26 20:00:00,0.99652,0.99692,0.99618,0.99623,5234.6
2022-08-28 20:00:00,0.99657,0.9967,0.99349,0.99359,27555.38
2022-08-29 00:00:00,0.99362,0.99452,0.9918,0.99238,47860.08
2022-08-29 04:00:00,0.99239,0.99503,0.99141,0.99431,65334.98
2022-08-29 08:00:00,0.9943,0.99998,0.99197,0.99974,92893.14
2022-08-29 12:00:00,0.99973,1.00291,0.9981,0.9997,112053.25
2022-08-29 16:00:00,0.99973,1.00225,0.99895,0.99957,70307.72
2022-08-29 20:00:00,0.99955,1.00115,0.99926,1.00107,20179.76
2022-08-30 00:00:00,1.00105,1.00132,0.99818,0.99982,60999.52
2022-08-30 04:00:00,0.99983,1.00337,0.99821,1.00288,94833.21
2022-08-30 08:00:00,1.00291,1.00547,1.00168,1.00247,109206.25
2022-08-30 12:00:00,1.00248,1.00412,0.99825,1.00181,159128.29
2022-08-30 16:00:00,1.00181,1.00349,1.00101,1.00174,98335.51
2022-08-30 20:00:00,1.00176,1.00258,1.0012,1.00234,16959.63
2022-08-31 00:00:00,1.00233,1.00344,1.00164,1.0032,52831.55
2022-08-31 04:00:00,1.00322,1.00459,0.99989,1.00011,78154.85
2022-08-31 08:00:00,1.00011,1.0027,0.99712,1.00011,130329.46
2022-08-31 12:00:00,1.00011,1.0079,0.9982,1.0063,175540.78
2022-08-31 16:00:00,1.00629,1.00639,1.00353,1.00487,96007.69
2022-08-31 20:00:00,1.00488,1.00557,1.0035,1.0038,25765.19
2022-09-01 00:00:00,1.0038,1.0038,1.00104,1.00162,60887.38
2022-09-01 04:00:00,1.00163,1.00327,1.00077,1.00297,82262.28
2022-09-01 08:00:00,1.00297,1.00485,1.00009,1.00037,100660.59
2022-09-01 12:00:00,1.00039,1.00067,0.99107,0.99483,172742.59
2022-09-01 16:00:00,0.99482,0.996,0.99354,0.9944,98018.07
2022-09-01 20:00:00,0.99442,0.99531,0.99427,0.99514,19312.56
2022-09-02 00:00:00,0.99515,0.99626,0.99499,0.99618,49289.17
2022-09-02 04:00:00,0.99617,0.99962,0.9958,0.99882,85726.8
2022-09-02 08:00:00,0.99882,1.00175,0.99678,0.99909,97501.5
2022-09-02 12:00:00,0.99908,1.00335,0.99796,1.00302,192658.95
2022-09-02 16:00:00,1.00301,1.00305,0.99449,0.99529,106835.21
2022-09-02 20:00:00,0.99528,0.99608,0.99515,0.99515,5432.8
2022-09-04 20:00:00,0.99285,0.99347,0.9903,0.99077,31957.733
2022-09-05 00:00:00,0.99075,0.9929,0.99008,0.99128,69464.86
2022-09-05 04:00:00,0.99127,0.99371,0.98772,0.9911,93624.67
2022-09-05 08:00:00,0.99111,0.9944,0.99041,0.99169,91532.27
2022-09-05 12:00:00,0.99168,0.99347,0.99139,0.99291,83847.36
2022-09-05 16:00:00,0.9929,0.99359,0.99272,0.99305,25238.83
2022-09-05 20:00:00,0.99304,0.99518,0.99244,0.995,29122.586
2022-09-06 00:00:00,0.99501,0.99706,0.99426,0.9944,54208.58
2022-09-06 04:00:00,0.9944,0.99862,0.99439,0.99755,114013.96
2022-09-06 08:00:00,0.99755,0.99761,0.99177,0.99236,145952.43
2022-09-06 12:00:00,0.99236,0.99297,0.98638,0.99119,179435.19
2022-09-06 16:00:00,0.9912,0.99163,0.98953,0.99038,99743.24
2022-09-06 20:00:00,0.99039,0.99078,0.989,0.9897,18252.1
2022-09-07 00:00:00,0.98971,0.99038,0.98768,0.98863,78221.07
2022-09-07 04:00:00,0.98859,0.99282,0.98797,0.99237,81616.17
2022-09-07 08:00:00,0.99236,0.993,0.98768,0.98782,111876.53
2022-09-07 12:00:00,0.98782,0.9954,0.98756,0.99392,145783.0
2022-09-07 16:00:00,0.99391,1.00098,0.99386,1.00086,87143.11
2022-09-07 20:00:00,1.00085,1.00128,0.99933,0.99976,23226.02
2022-09-08 00:00:00,0.99981,1.00008,0.99791,0.99861,61579.74
2022-09-08 04:00:00,0.9986,1.00148,0.9976,0.99815,81839.46
2022-09-08 08:00:00,0.99814,1.00293,0.99782,1.00198,104813.92
2022-09-08 12:00:00,1.00196,1.00294,0.99303,0.99534,169917.75
2022-09-08 16:00:00,0.99533,0.99997,0.99442,0.99989,80922.87
2022-09-08 20:00:00,0.99991,1.00099,0.99949,1.00097,13365.52
2022-09-09 00:00:00,1.00096,1.0084,1.00083,1.00693,39632.94
2022-09-09 04:00:00,1.00692,1.01102,1.00582,1.00962,30633.25
2022-09-09 08:00:00,1.00963,1.01131,1.00361,1.00371,60104.83
2022-09-09 12:00:00,1.0037,1.00625,1.0032,1.0045,146896.44
2022-09-09 16:00:00,1.00449,1.00551,1.00366,1.00453,64688.96
2022-09-09 20:00:00,1.00453,1.00479,1.00395,1.00425,4996.58
2022-09-11 20:00:00,1.01039,1.01039,1.00596,1.00702,23794.68
2022-09-12 00:00:00,1.00703,1.00951,1.00629,1.0081,49318.47
2022-09-12 04:00:00,1.00809,1.01977,1.00732,1.01746,65833.79
2022-09-12 08:00:00,1.01747,1.01954,1.0129,1.01436,63231.16
2022-09-12 12:00:00,1.01438,1.01627,1.01041,1.01255,119845.03
2022-09-12 16:00:00,1.01256,1.01443,1.01107,1.01151,71839.4
2022-09-12 20:00:00,1.01152,1.01296,1.01147,1.0129,17408.44
2022-09-13 00:00:00,1.0129,1.01464,1.01239,1.013,54036.08
2022-09-13 04:00:00,1.013,1.01548,1.01194,1.0147,73805.27
2022-09-13 08:00:00,1.01472,1.0187,1.01325,1.01769,88470.8
2022-09-13 12:00:00,1.01771,1.01796,0.99952,0.99965,203082.87
2022-09-13 16:00:00,0.99965,1.00086,0.99701,0.99731,103877.36
2022-09-13 20:00:00,0.99731,0.99806,0.99554,0.99778,26398.956
2022-09-14 00:00:00,0.99779,0.99901,0.99686,0.99886,75986.38
2022-09-14 04:00:00,0.99887,1.00021,0.99595,0.99878,121821.18
2022-09-14 08:00:00,0.99878,1.00234,0.9981,0.99922,140033.67
2022-09-14 12:00:00,0.99921,1.00093,0.99705,0.99934,196560.6
2022-09-14 16:00:00,0.99935,1.00083,0.99689,0.99795,83343.48
2022-09-14 20:00:00,0.99795,0.99845,0.99726,0.9982,17310.26
2022-09-15 00:00:00,0.99819,0.99824,0.9969,0.99739,47841.23
2022-09-15 04:00:00,0.9974,0.99788,0.99556,0.99774,73968.32
2022-09-15 08:00:00,0.99775,1.00004,0.99689,0.99847,112788.88
2022-09-15 12:00:00,0.99846,1.00177,0.99779,0.99905,167109.28
2022-09-15 16:00:00,0.99905,1.00153,0.99875,0.99945,72573.06
2022-09-15 20:00:00,0.99944,1.00005,0.99869,0.99874,17017.97
2022-09-16 00:00:00,0.99876,1.0012,0.9986,0.99972,51723.65
2022-09-16 04:00:00,0.99973,1.00019,0.99448,0.99559,96113.77
2022-09-16 08:00:00,0.99559,0.9989,0.9949,0.99692,108220.58
2022-09-16 12:00:00,0.99691,1.00363,0.9953,1.00118,174644.56
2022-09-16 16:00:00,1.00119,1.00194,0.99929,1.00126,59664.09
2022-09-16 20:00:00,1.00126,1.00176,1.0008,1.00146,3195.21
2022-09-18 20:00:00,1.00072,1.00285,1.00047,1.0022,18417.5
2022-09-19 00:00:00,1.00219,1.00291,0.99943,0.99979,39392.54
2022-09-19 04:00:00,0.9998,0.99995,0.99657,0.99795,61606.6
2022-09-19 08:00:00,0.99794,1.00049,0.99669,0.99821,89361.0
2022-09-19 12:00:00,0.99824,1.00181,0.99756,1.00018,120553.48
2022-09-19 16:00:00,1.0002,1.0025,1.00007,1.00236,56178.07
2022-09-19 20:00:00,1.00236,1.00322,1.00186,1.00297,14940.86
2022-09-20 00:00:00,1.00297,1.00504,1.00199,1.00294,35616.03
2022-09-20 04:00:00,1.00294,1.0042,1.00128,1.00355,54996.88
2022-09-20 08:00:00,1.00355,1.00356,0.99853,0.99869,82373.9
2022-09-20 12:00:00,0.99868,0.99993,0.9955,0.99933,135997.12
2022-09-20 16:00:00,0.99932,0.99959,0.99602,0.99756,86806.4
2022-09-20 20:00:00,0.99757,0.99787,0.9965,0.9971,31324.032
2022-09-21 00:00:00,0.9971,0.9975,0.99573,0.99659,47780.94
2022-09-21 04:00:00,0.9966,0.99683,0.98845,0.99101,135200.4
2022-09-21 08:00:00,0.99102,0.99377,0.98981,0.98993,105221.22
2022-09-21 12:00:00,0.98994,0.99202,0.98664,0.98787,136359.4
2022-09-21 16:00:00,0.98786,0.99102,0.98128,0.98509,199627.13
2022-09-21 20:00:00,0.98507,0.98507,0.98289,0.98313,28230.21
2022-09-22 00:00:00,0.98316,0.98378,0.9808,0.98193,96626.03
2022-09-22 04:00:00,0.98191,0.98533,0.98131,0.98453,139360.22
2022-09-22 08:00:00,0.98453,0.99074,0.98407,0.98662,216249.15
2022-09-22 12:00:00,0.98663,0.98878,0.98119,0.98399,207936.25
2022-09-22 16:00:00,0.98399,0.98519,0.98296,0.98393,100260.86
2022-09-22 20:00:00,0.98392,0.98401,0.98291,0.98383,23663.69
2022-09-23 00:00:00,0.98384,0.98517,0.98206,0.98233,53654.97
2022-09-23 04:00:00,0.98234,0.9838,0.97669,0.97751,101243.19
2022-09-23 08:00:00,0.97751,0.97802,0.97361,0.97511,200539.34
2022-09-23 12:00:00,0.97511,0.97746,0.9702,0.97171,222510.64
2022-09-23 16:00:00,0.97173,0.97239,0.9668,0.9691,118979.28
2022-09-23 20:00:00,0.96908,0.96967,0.96869,0.96885,7932.27
2022-09-25 20:00:00,0.96666,0.97098,0.96666,0.96855,33420.79
2022-09-26 00:00:00,0.96854,0.96916,0.95503,0.96338,179541.36
2022-09-26 04:00:00,0.96338,0.97013,0.96202,0.96783,184265.4
2022-09-26 08:00:00,0.96782,0.96974,0.96188,0.96378,199929.36
2022-09-26 12:00:00,0.96377,0.96894,0.96095,0.96197,249500.6
2022-09-26 16:00:00,0.96198,0.96294,0.95995,0.96087,173451.87
2022-09-26 20:00:00,0.96088,0.96241,0.95839,0.962,36795.93
2022-09-27 00:00:00,0.96201,0.96449,0.96184,0.96408,99767.08
2022-09-27 04:00:00,0.96408,0.96707,0.96348,0.96469,130863.63
2022-09-27 08:00:00,0.9647,0.96525,0.96063,0.96384,153411.06
2022-09-27 12:00:00,0.96385,0.96483,0.95933,0.96145,143173.36
2022-09-27 16:00:00,0.96146,0.96156,0.95689,0.95943,123120.25
2022-09-27 20:00:00,0.95942,0.95995,0.95839,0.95953,36827.4
2022-09-28 00:00:00,0.95953,0.96006,0.95426,0.95578,111229.61
2022-09-28 04:00:00,0.95579,0.95871,0.95357,0.95774,166937.64
2022-09-28 08:00:00,0.95777,0.96026,0.95377,0.95658,264956.68
2022-09-28 12:00:00,0.95658,0.96881,0.95597,0.96788,283707.27
2022-09-28 16:00:00,0.96791,0.97508,0.96784,0.97323,108456.52
2022-09-28 20:00:00,0.97322,0.9739,0.97043,0.97054,29243.44
2022-09-29 00:00:00,0.97055,0.97137,0.96743,0.96859,63530.37
2022-09-29 04:00:00,0.96856,0.96897,0.96353,0.9655,134701.02
2022-09-29 08:00:00,0.96551,0.97465,0.96418,0.97225,175632.95
2022-09-29 12:00:00,0.97229,0.97896,0.96832,0.97733,189404.57
2022-09-29 16:00:00,0.97729,0.98089,0.97692,0.98006,108926.97
2022-09-29 20:00:00,0.98006,0.98437,0.97969,0.98291,40500.11
2022-09-30 00:00:00,0.98292,0.98332,0.97943,0.97994,52142.9
2022-09-30 04:00:00,0.97996,0.98383,0.97898,0.98326,80992.97
2022-09-30 08:00:00,0.98325,0.98537,0.9741,0.97463,116266.31
2022-09-30 12:00:00,0.97463,0.98182,0.97346,0.97824,195098.31
2022-09-30 16:00:00,0.97824,0.98155,0.97704,0.98008,103466.51
2022-09-30 20:00:00,0.98008,0.981,0.9798,0.98013,7852.61
2022-10-02 20:00:00,0.97933,0.98086,0.97891,0.97932,29276.65
2022-10-03 00:00:00,0.97931,0.98287,0.97852,0.98054,82601.48
2022-10-03 04:00:00,0.98054,0.98345,0.97842,0.98122,140783.23
2022-10-03 08:00:00,0.98121,0.98273,0.97525,0.97681,138199.74
2022-10-03 12:00:00,0.97681,0.98445,0.97559,0.98079,203609.95
2022-10-03 16:00:00,0.9808,0.98286,0.97879,0.98286,106369.58
2022-10-03 20:00:00,0.98286,0.98374,0.98197,0.98334,31338.14
2022-10-04 00:00:00,0.98335,0.98453,0.9806,0.98422,68869.69
2022-10-04 04:00:00,0.98423,0.98959,0.98258,0.98751,140073.37
2022-10-04 08:00:00,0.98751,0.99037,0.98524,0.98904,143354.45
2022-10-04 12:00:00,0.98902,0.99796,0.98858,0.99762,148445.1
2022-10-04 16:00:00,0.99763,0.99995,0.99601,0.99902,62147.71
2022-10-04 20:00:00,0.99901,0.99935,0.99791,0.99836,22408.6924
2022-10-05 00:00:00,0.99839,0.99905,0.99593,0.99692,70030.85
2022-10-05 04:00:00,0.99691,0.99947,0.99361,0.99405,90291.94
2022-10-05 08:00:00,0.99404,0.99519,0.98995,0.99051,109446.93
2022-10-05 12:00:00,0.99053,0.99229,0.98346,0.98654,142315.9
2022-10-05 16:00:00,0.98654,0.98968,0.98597,0.98852,100321.88
2022-10-05 20:00:00,0.98852,0.9912,0.98653,0.99116,38726.23
2022-10-06 00:00:00,0.99115,0.99264,0.99029,0.99165,88439.89
2022-10-06 04:00:00,0.99166,0.99258,0.98929,0.99103,108538.64
2022-10-06 08:00:00,0.99105,0.99128,0.98578,0.98684,150902.2
2022-10-06 12:00:00,0.98684,0.9882,0.98036,0.98045,195085.18
2022-10-06 16:00:00,0.98045,0.98167,0.9788,0.97965,131670.66
2022-10-06 20:00:00,0.97964,0.98022,0.97862,0.97888,41264.433
2022-10-07 00:00:00,0.97888,0.98119,0.97863,0.98047,75650.87
2022-10-07 04:00:00,0.98047,0.98088,0.97655,0.97984,102586.45
2022-10-07 08:00:00,0.97985,0.98167,0.97869,0.97871,131442.49
2022-10-07 12:00:00,0.97871,0.98028,0.97259,0.97837,230058.81
2022-10-07 16:00:00,0.97837,0.97843,0.97306,0.97386,92903.26
2022-10-07 20:00:00,0.97385,0.97431,0.97324,0.97388,6320.45
2022-10-09 20:00:00,0.97336,0.97395,0.97274,0.97342,28964.7
2022-10-10 00:00:00,0.97343,0.97531,0.97246,0.97375,89220.77
2022-10-10 04:00:00,0.97375,0.97433,0.96992,0.97068,91067.8
2022-10-10 08:00:00,0.97066,0.97093,0.96815,0.9697,72467.0
2022-10-10 12:00:00,0.96969,0.97457,0.96852,0.97026,102976.61
2022-10-10 16:00:00,0.97026,0.97237,0.96851,0.97021,108040.23
2022-10-10 20:00:00,0.97023,0.97112,0.96995,0.9711,23702.4
2022-10-11 00:00:00,0.97112,0.97228,0.96807,0.9682,129789.85
2022-10-11 04:00:00,0.96819,0.97247,0.96698,0.96988,145793.23
2022-10-11 08:00:00,0.96989,0.97379,0.96918,0.97247,144787.53
2022-10-11 12:00:00,0.97247,0.97627,0.96908,0.97558,190946.84
2022-10-11 16:00:00,0.97559,0.97745,0.96936,0.97102,135240.24
2022-10-11 20:00:00,0.97101,0.97178,0.96988,0.97004,32819.11
2022-10-12 00:00:00,0.97004,0.9712,0.96826,0.96982,133149.57
2022-10-12 04:00:00,0.96979,0.97346,0.96959,0.97072,183281.87
2022-10-12 08:00:00,0.97072,0.97244,0.96974,0.9708,137144.03
2022-10-12 12:00:00,0.97079,0.97115,0.96678,0.96904,172297.14
2022-10-12 16:00:00,0.96906,0.97203,0.968,0.97012,108444.86
2022-10-12 20:00:00,0.97012,0.97096,0.96964,0.97046,25430.09
2022-10-13 00:00:00,0.97046,0.97219,0.96948,0.97004,84210.33
2022-10-13 04:00:00,0.97003,0.97091,0.96853,0.97056,87259.65
2022-10-13 08:00:00,0.97057,0.97529,0.96979,0.97447,131649.42
2022-10-13 12:00:00,0.97446,0.9799,0.96315,0.97788,299045.36
2022-10-13 16:00:00,0.9779,0.98057,0.97642,0.97745,167603.76
2022-10-13 20:00:00,0.97745,0.97807,0.97669,0.97671,22855.55
2022-10-14 00:00:00,0.97669,0.98086,0.97616,0.9787,90938.78
2022-10-14 04:00:00,0.97869,0.97969,0.97524,0.97675,115837.87
2022-10-14 08:00:00,0.97675,0.97675,0.9709,0.97186,188364.72
2022-10-14 12:00:00,0.97187,0.97996,0.9707,0.97386,276634.93
2022-10-14 16:00:00,0.97385,0.9748,0.97131,0.97279,109392.41
2022-10-14 20:00:00,0.97281,0.97302,0.97182,0.97182,7352.41
2022-10-16 20:00:00,0.97201,0.9743,0.97182,0.97395,33260.92
2022-10-17 00:00:00,0.97395,0.97521,0.97368,0.97395,92891.17
2022-10-17 04:00:00,0.97397,0.97568,0.97305,0.97469,120952.5
2022-10-17 08:00:00,0.97471,0.97706,0.97197,0.97405,131560.4
2022-10-17 12:00:00,0.97404,0.98483,0.97294,0.98419,160468.04
2022-10-17 16:00:00,0.98417,0.9852,0.98322,0.98347,98653.87
2022-10-17 20:00:00,0.98353,0.98466,0.98351,0.98435,36164.94
2022-10-18 00:00:00,0.98434,0.98525,0.9823,0.98409,79918.2
2022-10-18 04:00:00,0.9841,0.98734,0.9831,0.98575,133203.44
2022-10-18 08:00:00,0.98576,0.98592,0.98124,0.98312,150659.45
2022-10-18 12:00:00,0.98315,0.98755,0.98213,0.98415,180566.88
2022-10-18 16:00:00,0.98412,0.98603,0.98371,0.9857,127265.08
2022-10-18 20:00:00,0.9857,0.98721,0.98523,0.98625,35333.45
2022-10-19 00:00:00,0.98625,0.98667,0.9843,0.9844,84414.27
2022-10-19 04:00:00,0.98441,0.98461,0.9815,0.98391,119581.06
2022-10-19 08:00:00,0.98392,0.98392,0.97592,0.9783,157278.38
2022-10-19 12:00:00,0.9783,0.98025,0.97643,0.97785,180313.16
2022-10-19 16:00:00,0.97786,0.97814,0.97571,0.97729,105635.24
2022-10-19 20:00:00,0.97725,0.9776,0.97604,0.97652,21882.46
2022-10-20 00:00:00,0.97653,0.97716,0.97544,0.97612,81468.45
2022-10-20 04:00:00,0.9761,0.97944,0.9759,0.97866,140197.87
2022-10-20 08:00:00,0.97867,0.98288,0.97727,0.98127,124640.13
2022-10-20 12:00:00,0.98125,0.98454,0.97797,0.98224,215152.99
2022-10-20 16:00:00,0.98222,0.98224,0.97731,0.97839,123782.45
2022-10-20 20:00:00,0.97841,0.97888,0.9773,0.97782,28010.86
2022-10-21 00:00:00,0.97785,0.97832,0.97649,0.97684,56737.22
2022-10-21 04:00:00,0.97686,0.98022,0.97609,0.97887,100724.58
2022-10-21 08:00:00,0.97887,0.97908,0.97321,0.97448,154893.76
2022-10-21 12:00:00,0.97447,0.98562,0.97048,0.98547,354740.5
2022-10-21 16:00:00,0.98547,0.98689,0.98239,0.98616,199776.76
2022-10-21 20:00:00,0.98615,0.98659,0.98564,0.98613,13145.48
2022-10-23 20:00:00,0.98712,0.9899,0.98308,0.98595,85661.54
2022-10-24 00:00:00,0.98594,0.98675,0.98254,0.98343,144135.35
2022-10-24 04:00:00,0.98342,0.98618,0.98262,0.98343,119342.18
2022-10-24 08:00:00,0.98345,0.98464,0.98067,0.98352,205851.29
2022-10-24 12:00:00,0.98352,0.98935,0.98266,0.98736,261352.05
2022-10-24 16:00:00,0.98735,0.98809,0.98631,0.98738,104833.1
2022-10-24 20:00:00,0.98739,0.989,0.98673,0.98842,35887.71
2022-10-25 00:00:00,0.98842,0.98984,0.98773,0.98846,121202.45
2022-10-25 04:00:00,0.98845,0.98862,0.98524,0.98564,98115.79
2022-10-25 08:00:00,0.98561,0.9876,0.98484,0.98666,119353.07
2022-10-25 12:00:00,0.98666,0.99768,0.98562,0.99577,195823.48
2022-10-25 16:00:00,0.99577,0.99696,0.99464,0.99666,100858.29
2022-10-25 20:00:00,0.99665,0.99695,0.99552,0.99616,36815.85
2022-10-26 00:00:00,0.99617,0.99673,0.99434,0.99571,73619.91
2022-10-26 04:00:00,0.9957,1.00345,0.99508,1.00329,106700.69
2022-10-26 08:00:00,1.0033,1.00476,1.00087,1.00213,134036.55
2022-10-26 12:00:00,1.00211,1.0081,0.99955,1.00677,193450.32
2022-10-26 16:00:00,1.00677,1.00885,1.00609,1.00814,106621.81
2022-10-26 20:00:00,1.00814,1.00934,1.0072,1.00932,38810.22
2022-10-27 00:00:00,1.00932,1.00934,1.00617,1.00694,77506.82
2022-10-27 04:00:00,1.00692,1.00836,1.00543,1.00663,79151.02
2022-10-27 08:00:00,1.00663,1.00777,1.00281,1.00497,123057.04
2022-10-27 12:00:00,1.00496,1.00512,0.99723,0.99838,194413.37
2022-10-27 16:00:00,0.99838,0.99956,0.99575,0.99708,98461.85
2022-10-27 20:00:00,0.99708,0.99722,0.996,0.99668,30685.26
2022-10-28 00:00:00,0.99668,0.9998,0.99578,0.99922,82808.57
2022-10-28 04:00:00,0.99921,0.99925,0.99377,0.99451,129493.43
2022-10-28 08:00:00,0.99457,0.99755,0.99265,0.99539,124691.15
2022-10-28 12:00:00,0.99537,0.99898,0.99303,0.99335,200246.7
2022-10-28 16:00:00,0.99335,0.99661,0.99286,0.9966,68700.18
2022-10-28 20:00:00,0.99659,0.99675,0.99595,0.99631,5464.98
2022-10-30 20:00:00,0.99464,0.9962,0.99454,0.99543,30263.8393
2022-10-31 00:00:00,0.99543,0.99656,0.99431,0.99647,52554.81
2022-10-31 04:00:00,0.99646,0.99655,0.9928,0.99296,63739.39
2022-10-31 08:00:00,0.99291,0.99487,0.9914,0.99361,105203.08
2022-10-31 12:00:00,0.99362,0.99365,0.98728,0.98828,132438.7
2022-10-31 16:00:00,0.98825,0.98957,0.9873,0.98827,81493.35
2022-10-31 20:00:00,0.98829,0.98875,0.98717,0.98856,15414.07
2022-11-01 00:00:00,0.98856,0.9908,0.98822,0.99032,49445.27
2022-11-01 04:00:00,0.99034,0.99384,0.98993,0.99302,57954.91
2022-11-01 08:00:00,0.99297,0.99477,0.9915,0.99343,77936.07
2022-11-01 12:00:00,0.99343,0.99539,0.98587,0.987,120189.87
2022-11-01 16:00:00,0.987,0.99096,0.98527,0.98776,64565.39
2022-11-01 20:00:00,0.98775,0.98796,0.98695,0.98772,38934.02
2022-11-02 00:00:00,0.98772,0.98996,0.98743,0.98928,57435.59
2022-11-02 04:00:00,0.98931,0.98937,0.98709,0.98842,66390.86
2022-11-02 08:00:00,0.98842,0.99118,0.9879,0.98976,88829.91
2022-11-02 12:00:00,0.98976,0.9915,0.98641,0.98742,141482.36
2022-11-02 16:00:00,0.98744,0.99757,0.98224,0.98285,196941.84
2022-11-02 20:00:00,0.98285,0.98317,0.98098,0.98138,35550.05
2022-11-03 00:00:00,0.98141,0.98394,0.98098,0.9829,64401.29
2022-11-03 04:00:00,0.9829,0.9836,0.97729,0.97836,63891.92
2022-11-03 08:00:00,0.97835,0.979,0.97299,0.97392,143013.45
2022-11-03 12:00:00,0.97393,0.97946,0.97326,0.97579,211634.05
2022-11-03 16:00:00,0.97579,0.97694,0.97423,0.97512,90657.53
2022-11-03 20:00:00,0.97517,0.9755,0.97424,0.97488,21215.67
2022-11-04 00:00:00,0.97491,0.97736,0.97472,0.9773,59666.3
2022-11-04 04:00:00,0.97729,0.97964,0.97568,0.97637,83790.64
2022-11-04 08:00:00,0.97638,0.98115,0.97638,0.97968,124444.91
2022-11-04 12:00:00,0.97968,0.99404,0.9751,0.98951,232834.31
2022-11-04 16:00:00,0.98951,0.99664,0.98875,0.99605,129559.58
2022-11-04 20:00:00,0.99605,0.99635,0.99547,0.9956,5355.91
2022-11-06 20:00:00,0.99036,0.99446,0.99001,0.99281,37536.43
2022-11-07 00:00:00,0.99282,0.99469,0.99175,0.99373,81090.75
2022-11-07 04:00:00,0.99373,0.99553,0.99239,0.99278,84820.14
2022-11-07 08:00:00,0.99277,1.0007,0.99245,0.9981,132681.08
2022-11-07 12:00:00,0.9981,1.00058,0.99657,1.00008,166136.76
2022-11-07 16:00:00,1.00009,1.0034,0.99883,1.00263,89070.4
2022-11-07 20:00:00,1.00265,1.00311,1.00144,1.00173,30753.35
2022-11-08 00:00:00,1.00172,1.00308,1.00062,1.00132,49916.71
2022-11-08 04:00:00,1.00133,1.00144,0.99869,0.99992,57960.16
2022-11-08 08:00:00,0.99993,1.00096,0.99715,0.99981,111797.45
2022-11-08 12:00:00,0.99982,1.0073,0.99851,1.00659,141354.22
2022-11-08 16:00:00,1.00662,1.00963,1.00539,1.00725,117187.48
2022-11-08 20:00:00,1.00724,1.00848,1.00693,1.00804,45992.64
2022-11-09 00:00:00,1.00804,1.0088,1.0059,1.00716,78662.54
2022-11-09 04:00:00,1.00715,1.0073,1.0056,1.00642,73626.21
2022-11-09 08:00:00,1.00643,1.00852,1.00338,1.0054,142364.44
2022-11-09 12:00:00,1.0054,1.00861,1.00108,1.00277,172459.29
2022-11-09 16:00:00,1.00276,1.00526,0.99927,1.00024,110445.7
2022-11-09 20:00:00,1.00024,1.00204,1.00013,1.0019,41631.66
2022-11-10 00:00:00,1.0019,1.0029,1.00101,1.0026,57132.27
2022-11-10 04:00:00,1.00262,1.00428,0.99962,0.99976,75657.25
2022-11-10 08:00:00,0.99974,1.00139,0.99354,0.99441,148460.06
2022-11-10 12:00:00,0.99444,1.01851,0.99413,1.01809,240003.01
2022-11-10 16:00:00,1.0181,1.01819,1.01283,1.01811,128908.03
2022-11-10 20:00:00,1.01812,1.02218,1.01779,1.01914,52794.86
2022-11-11 00:00:00,1.01915,1.0198,1.0163,1.01839,82578.53
2022-11-11 04:00:00,1.01842,1.02533,1.01776,1.02445,111068.4
2022-11-11 08:00:00,1.02445,1.02946,1.02261,1.02906,162825.04
2022-11-11 12:00:00,1.02908,1.03268,1.02657,1.03262,168591.04
2022-11-11 16:00:00,1.03262,1.0364,1.03123,1.03622,101815.52
2022-11-11 20:00:00,1.03622,1.03622,1.03481,1.03538,22773.15
2022-11-13 20:00:00,1.03354,1.03411,1.03141,1.03266,27155.27
2022-11-14 00:00:00,1.03266,1.03501,1.03164,1.03267,118369.08
2022-11-14 04:00:00,1.03265,1.03285,1.02977,1.03275,92153.85
2022-11-14 08:00:00,1.03274,1.03504,1.02748,1.02838,124863.38
2022-11-14 12:00:00,1.02838,1.03359,1.02713,1.03298,155590.3
2022-11-14 16:00:00,1.033,1.03584,1.03245,1.03533,102087.72
2022-11-14 20:00:00,1.03535,1.03552,1.03151,1.03196,37223.57
2022-11-15 00:00:00,1.03196,1.03282,1.03121,1.03201,70263.43
2022-11-15 04:00:00,1.032,1.0418,1.03162,1.04071,97885.48
2022-11-15 08:00:00,1.04069,1.04371,1.03883,1.0411,155863.57
2022-11-15 12:00:00,1.04113,1.04808,1.03607,1.0368,244837.77
2022-11-15 16:00:00,1.03681,1.03896,1.02799,1.03638,223143.68
2022-11-15 20:00:00,1.0364,1.03773,1.03395,1.03572,66249.36
2022-11-16 00:00:00,1.03574,1.03868,1.03307,1.03534,146952.19
2022-11-16 04:00:00,1.03533,1.04142,1.03373,1.04026,171220.39
2022-11-16 08:00:00,1.04026,1.04384,1.03876,1.04165,158422.34
2022-11-16 12:00:00,1.04166,1.0428,1.03723,1.04035,193416.22
2022-11-16 16:00:00,1.04035,1.04124,1.03545,1.03922,116416.7
2022-11-16 20:00:00,1.03922,1.04046,1.03828,1.03932,44197.91
2022-11-17 00:00:00,1.03933,1.03948,1.03596,1.03716,60233.27
2022-11-17 04:00:00,1.0372,1.03951,1.03683,1.03926,69280.24
2022-11-17 08:00:00,1.03926,1.04065,1.03272,1.03464,136915.91
2022-11-17 12:00:00,1.03464,1.03548,1.03051,1.03286,198640.25
2022-11-17 16:00:00,1.03286,1.03694,1.03188,1.03636,101140.12
2022-11-17 20:00:00,1.03637,1.03694,1.03576,1.03607,37347.48
2022-11-18 00:00:00,1.03606,1.03908,1.03569,1.03825,55417.4
2022-11-18 04:00:00,1.03824,1.03858,1.03596,1.03753,63243.79
2022-11-18 08:00:00,1.03753,1.03959,1.03421,1.0366,150287.53
2022-11-18 12:00:00,1.0366,1.03863,1.0326,1.03644,146927.79
2022-11-18 16:00:00,1.03644,1.03716,1.03199,1.03279,94925.39
2022-11-18 20:00:00,1.03277,1.03329,1.03134,1.03235,21826.39
2022-11-20 20:00:00,1.03227,1.0333,1.03213,1.03304,17527.86
2022-11-21 00:00:00,1.03304,1.03327,1.0288,1.03013,84190.47
2022-11-21 04:00:00,1.03012,1.03035,1.025,1.02549,87366.45
2022-11-21 08:00:00,1.0255,1.02732,1.0226,1.02343,130619.1
2022-11-21 12:00:00,1.02343,1.02625,1.02281,1.02395,134759.72
2022-11-21 16:00:00,1.02397,1.02505,1.02227,1.02393,93582.12
2022-11-21 20:00:00,1.02395,1.02465,1.02321,1.0245,39157.47
2022-11-22 00:00:00,1.02451,1.0268,1.02417,1.02613,76053.65
2022-11-22 04:00:00,1.02611,1.02675,1.02456,1.02655,78192.49
2022-11-22 08:00:00,1.02657,1.02908,1.02533,1.02699,128622.38
2022-11-22 12:00:00,1.027,1.02886,1.02538,1.02833,129022.79
2022-11-22 16:00:00,1.02833,1.03082,1.02667,1.02952,61755.92
2022-11-22 20:00:00,1.02951,1.03106,1.02936,1.03104,23031.99
2022-11-23 00:00:00,1.03105,1.03247,1.03003,1.03154,53663.35
2022-11-23 04:00:00,1.03153,1.03486,1.03102,1.0343,64898.36
2022-11-23 08:00:00,1.0343,1.03431,1.02963,1.03197,115069.8
2022-11-23 12:00:00,1.03199,1.03837,1.03147,1.0376,182536.67
2022-11-23 16:00:00,1.03761,1.04048,1.03553,1.04006,133255.37
2022-11-23 20:00:00,1.04008,1.04191,1.03909,1.04175,49052.13
2022-11-24 00:00:00,1.04178,1.04477,1.0405,1.04458,76680.67
2022-11-24 04:00:00,1.04458,1.04484,1.0415,1.04159,73904.55
2022-11-24 08:00:00,1.0416,1.04291,1.03816,1.04044,133175.95
2022-11-24 12:00:00,1.04044,1.04273,1.03978,1.04092,106361.21
2022-11-24 16:00:00,1.04094,1.04143,1.04011,1.04132,37420.57
2022-11-24 20:00:00,1.04133,1.04142,1.04058,1.04074,21815.67
2022-11-25 00:00:00,1.04074,1.04183,1.03959,1.04159,66425.46
2022-11-25 04:00:00,1.04158,1.04291,1.04071,1.04088,75681.04
2022-11-25 08:00:00,1.04087,1.04282,1.03821,1.039,110607.24
2022-11-25 12:00:00,1.03899,1.0407,1.03546,1.04066,126164.71
2022-11-25 16:00:00,1.04065,1.04144,1.03913,1.04114,68965.89
2022-11-25 20:00:00,1.04114,1.04139,1.03854,1.03926,20271.24
2022-11-27 20:00:00,1.03716,1.03809,1.03653,1.03666,18148.3
2022-11-28 00:00:00,1.03667,1.03836,1.0341,1.03547,19042.57
2022-11-28 04:00:00,1.03548,1.0385,1.03465,1.03737,14221.89
2022-11-28 08:00:00,1.03737,1.04967,1.03674,1.0474,115836.96
2022-11-28 12:00:00,1.04741,1.04771,1.03905,1.03982,155320.67
2022-11-28 16:00:00,1.03977,1.0402,1.0337,1.03377,114611.09
2022-11-28 20:00:00,1.03378,1.03466,1.033,1.03433,39292.92
2022-11-29 00:00:00,1.03432,1.03831,1.03339,1.03786,88682.13
2022-11-29 04:00:00,1.03786,1.03942,1.0352,1.03812,99283.7
2022-11-29 08:00:00,1.03808,1.03933,1.03507,1.03824,138555.84
2022-11-29 12:00:00,1.03823,1.03842,1.03245,1.03561,180613.57
2022-11-29 16:00:00,1.0356,1.03583,1.03224,1.03274,119125.81
2022-11-29 20:00:00,1.03273,1.03313,1.03188,1.03235,47032.7
2022-11-30 00:00:00,1.03234,1.0353,1.03205,1.03478,76128.45
2022-11-30 04:00:00,1.03478,1.03608,1.03355,1.0351,76683.81
2022-11-30 08:00:00,1.03512,1.03811,1.03415,1.03589,123550.28
2022-11-30 12:00:00,1.0359,1.03998,1.02946,1.02981,191493.72
2022-11-30 16:00:00,1.02982,1.04149,1.029,1.04134,211284.7
2022-11-30 20:00:00,1.04135,1.04299,1.03986,1.04229,67204.304
2022-12-01 00:00:00,1.04228,1.04477,1.04187,1.04316,118202.16
2022-12-01 04:00:00,1.04315,1.04638,1.0394,1.04032,102708.69
2022-12-01 08:00:00,1.04037,1.04496,1.03929,1.04374,136374.23
2022-12-01 12:00:00,1.04374,1.05336,1.04345,1.0487,205168.4
2022-12-01 16:00:00,1.04871,1.05198,1.04694,1.05184,163815.96
2022-12-01 20:00:00,1.05185,1.05393,1.05118,1.05278,48024.2
2022-12-02 00:00:00,1.05278,1.05278,1.05049,1.05243,77083.09
2022-12-02 04:00:00,1.05242,1.05424,1.05164,1.05292,102182.9
2022-12-02 08:00:00,1.05293,1.05448,1.05127,1.05371,127892.08
2022-12-02 12:00:00,1.05372,1.05445,1.0428,1.04732,229174.85
2022-12-02 16:00:00,1.0473,1.05366,1.04661,1.0536,121752.08
2022-12-02 20:00:00,1.05359,1.05423,1.05309,1.05325,22550.54
2022-12-04 20:00:00,1.05303,1.05436,1.05303,1.05433,17032.17
2022-12-05 00:00:00,1.05437,1.05827,1.05391,1.058,85096.56
2022-12-05 04:00:00,1.05802,1.05847,1.05303,1.05389,80979.49
2022-12-05 08:00:00,1.0539,1.05767,1.05196,1.05643,119176.79
2022-12-05 12:00:00,1.05642,1.05948,1.05037,1.05249,146289.09
2022-12-05 16:00:00,1.05249,1.05379,1.04814,1.04925,98561.22
2022-12-05 20:00:00,1.04924,1.04985,1.048,1.04963,42552.93
2022-12-06 00:00:00,1.04966,1.05186,1.04877,1.04924,91032.83
2022-12-06 04:00:00,1.04924,1.04991,1.04755,1.04903,102021.12
2022-12-06 08:00:00,1.04902,1.05223,1.04789,1.05166,128618.27
2022-12-06 12:00:00,1.05166,1.05326,1.04858,1.04987,149386.91
2022-12-06 16:00:00,1.04986,1.05288,1.04591,1.0463,109661.44
2022-12-06 20:00:00,1.04631,1.04716,1.04619,1.04671,26600.87
2022-12-07 00:00:00,1.04671,1.04763,1.04549,1.04669,64878.94
2022-12-07 04:00:00,1.04668,1.04708,1.04431,1.04595,81543.94
2022-12-07 08:00:00,1.04596,1.05069,1.04496,1.04892,105024.38
2022-12-07 12:00:00,1.04893,1.05496,1.0486,1.05039,192222.9
2022-12-07 16:00:00,1.05038,1.05284,1.04881,1.05142,110187.74
2022-12-07 20:00:00,1.0514,1.05167,1.05011,1.05117,36847.34
2022-12-08 00:00:00,1.05118,1.0515,1.04942,1.05037,68356.73
2022-12-08 04:00:00,1.05038,1.05309,1.04937,1.05259,74223.57
2022-12-08 08:00:00,1.05257,1.05271,1.04895,1.05081,106964.69
2022-12-08 12:00:00,1.0508,1.05491,1.05062,1.0545,142154.85
2022-12-08 16:00:00,1.05449,1.05647,1.05341,1.056,99194.44
2022-12-08 20:00:00,1.05597,1.05633,1.05529,1.05555,36556.11
2022-12-09 00:00:00,1.05554,1.05853,1.05517,1.05803,64369.97
2022-12-09 04:00:00,1.05809,1.05881,1.05666,1.05679,64038.77
2022-12-09 08:00:00,1.05679,1.05767,1.05466,1.05534,84459.81
2022-12-09 12:00:00,1.05535,1.05664,1.05027,1.05405,183562.49
2022-12-09 16:00:00,1.05405,1.05557,1.05318,1.05467,93140.52
2022-12-09 20:00:00,1.05467,1.05477,1.05288,1.05316,18055.15
2022-12-11 20:00:00,1.05264,1.05372,1.05179,1.05209,12888.04
2022-12-12 00:00:00,1.05209,1.0523,1.05057,1.05149,62570.62
2022-12-12 04:00:00,1.0515,1.05366,1.05079,1.05261,60013.39
2022-12-12 08:00:00,1.05261,1.05741,1.05199,1.05655,93946.76
2022-12-12 12:00:00,1.05655,1.058,1.05204,1.05235,106740.03
2022-12-12 16:00:00,1.05234,1.05494,1.05105,1.0522,83897.25
2022-12-12 20:00:00,1.05219,1.05422,1.05207,1.05413,18783.06
2022-12-13 00:00:00,1.05412,1.0554,1.05333,1.05345,40529.34
2022-12-13 04:00:00,1.05346,1.05603,1.05311,1.05512,41252.73
2022-12-13 08:00:00,1.05512,1.05606,1.05278,1.05354,75312.67
2022-12-13 12:00:00,1.05355,1.06731,1.05325,1.06362,197028.71
2022-12-13 16:00:00,1.06364,1.06587,1.06102,1.06359,114942.97
2022-12-13 20:00:00,1.06357,1.06381,1.06206,1.06242,32106.0
2022-12-14 00:00:00,1.06241,1.06389,1.06231,1.06261,43812.07
2022-12-14 04:00:00,1.0626,1.06422,1.06197,1.06295,47563.01
2022-12-14 08:00:00,1.06296,1.06718,1.06187,1.06516,87406.64
2022-12-14 12:00:00,1.06518,1.06614,1.06314,1.06467,111692.91
2022-12-14 16:00:00,1.06469,1.06845,1.06206,1.06636,167633.23
2022-12-14 20:00:00,1.06639,1.0695,1.06617,1.06757,77199.582
2022-12-15 00:00:00,1.06758,1.06827,1.06541,1.06546,43185.95
2022-12-15 04:00:00,1.06544,1.06606,1.06401,1.06409,50350.66
2022-12-15 08:00:00,1.0641,1.06467,1.06055,1.06242,102086.66
2022-12-15 12:00:00,1.06241,1.07361,1.06138,1.06482,199589.35
2022-12-15 16:00:00,1.06481,1.06564,1.05921,1.06306,114242.02
2022-12-15 20:00:00,1.06307,1.06388,1.06198,1.06385,28586.95
2022-12-16 00:00:00,1.06386,1.06624,1.06342,1.06477,58179.15
2022-12-16 04:00:00,1.06478,1.0663,1.06304,1.0631,55726.1
2022-12-16 08:00:00,1.06311,1.06604,1.06093,1.0635,101384.5
2022-12-16 12:00:00,1.0635,1.06487,1.06078,1.06167,133218.7
2022-12-16 16:00:00,1.06167,1.06245,1.05952,1.05993,86757.91
2022-12-16 20:00:00,1.05993,1.06062,1.05839,1.05839,22384.59
2022-12-18 20:00:00,1.05895,1.05959,1.05824,1.05842,23419.33
2022-12-19 00:00:00,1.05842,1.0613,1.0582,1.06084,44123.81
2022-12-19 04:00:00,1.06085,1.06378,1.06013,1.06241,34632.84
2022-12-19 08:00:00,1.06244,1.06578,1.06041,1.06059,72575.65
2022-12-19 12:00:00,1.06059,1.06154,1.05757,1.05795,91019.17
2022-12-19 16:00:00,1.05796,1.06309,1.05795,1.06041,81628.83
2022-12-19 20:00:00,1.06044,1.06127,1.06005,1.06121,27955.12
2022-12-20 00:00:00,1.0612,1.0652,1.05976,1.06081,86274.95
2022-12-20 04:00:00,1.06082,1.06157,1.05788,1.06111,127327.51
2022-12-20 08:00:00,1.06111,1.0646,1.06037,1.06428,115735.51
2022-12-20 12:00:00,1.06428,1.06584,1.05939,1.06399,141129.33
2022-12-20 16:00:00,1.06398,1.06419,1.0599,1.06215,92231.44
2022-12-20 20:00:00,1.06215,1.0629,1.06137,1.0625,27466.26
2022-12-21 00:00:00,1.0625,1.06263,1.06128,1.06164,46031.81
2022-12-21 04:00:00,1.06163,1.06345,1.06066,1.06315,44979.98
2022-12-21 08:00:00,1.06318,1.06373,1.06046,1.06055,85438.62
2022-12-21 12:00:00,1.06058,1.06455,1.05964,1.06152,116595.37
2022-12-21 16:00:00,1.06153,1.06199,1.05901,1.06144,80850.57
2022-12-21 20:00:00,1.06144,1.06163,1.0601,1.06077,28311.55
2022-12-22 00:00:00,1.06077,1.06443,1.06057,1.06431,45796.98
2022-12-22 04:00:00,1.06431,1.06495,1.06349,1.0639,37680.08
2022-12-22 08:00:00,1.06389,1.06593,1.06138,1.06153,79750.85
2022-12-22 12:00:00,1.06153,1.06389,1.05858,1.06018,118622.52
2022-12-22 16:00:00,1.06015,1.06059,1.0573,1.05926,67227.44
2022-12-22 20:00:00,1.05924,1.0603,1.05881,1.0601,34234.6
2022-12-23 00:00:00,1.0601,1.06122,1.05867,1.06075,37712.66
2022-12-23 04:00:00,1.06075,1.06305,1.06018,1.06282,39672.03
2022-12-23 08:00:00,1.06282,1.06282,1.05961,1.06135,59735.75
2022-12-23 12:00:00,1.06135,1.06328,1.05922,1.06134,153568.67
2022-12-23 16:00:00,1.06134,1.06299,1.06058,1.06203,72179.29
2022-12-23 20:00:00,1.06203,1.06211,1.06123,1.06172,12208.52
2022-12-25 20:00:00,1.06114,1.06237,1.06064,1.06191,4623.65
2022-12-26 00:00:00,1.06196,1.06344,1.05979,1.06188,22955.98
2022-12-26 04:00:00,1.06193,1.06317,1.06185,1.06269,8471.41
2022-12-26 08:00:00,1.06271,1.06279,1.06151,1.06246,3279.61
2022-12-26 12:00:00,1.06245,1.06329,1.06184,1.06272,2983.28
2022-12-26 16:00:00,1.0626,1.06328,1.06238,1.06286,1399.8
2022-12-26 20:00:00,1.06287,1.06459,1.06284,1.06397,13164.65
2022-12-27 00:00:00,1.06398,1.06604,1.06344,1.06399,39773.8
2022-12-27 04:00:00,1.06398,1.06678,1.06389,1.06452,34046.21
2022-12-27 08:00:00,1.06452,1.06694,1.06382,1.06542,51218.08
2022-12-27 12:00:00,1.0654,1.06573,1.06113,1.06495,78396.12
2022-12-27 16:00:00,1.06496,1.06602,1.06334,1.06412,58262.67
2022-12-27 20:00:00,1.06413,1.06467,1.06306,1.06369,19787.06
2022-12-28 00:00:00,1.06369,1.06429,1.06247,1.06376,34001.53
2022-12-28 04:00:00,1.06377,1.06545,1.0636,1.06456,35730.85
2022-12-28 08:00:00,1.06456,1.06519,1.06278,1.06463,71214.65
2022-12-28 12:00:00,1.06464,1.06742,1.06115,1.06189,107506.05
2022-12-28 16:00:00,1.06189,1.06355,1.06128,1.0617,73301.74
2022-12-28 20:00:00,1.0617,1.06292,1.06065,1.06288,27933.66
2022-12-29 00:00:00,1.06287,1.06372,1.06198,1.0623,36676.67
2022-12-29 04:00:00,1.06231,1.06289,1.06109,1.06232,29999.77
2022-12-29 08:00:00,1.06234,1.06581,1.06222,1.06379,59693.0
2022-12-29 12:00:00,1.06379,1.06698,1.06362,1.06667,100888.07
2022-12-29 16:00:00,1.06668,1.06902,1.06567,1.06778,66923.78
2022-12-29 20:00:00,1.06779,1.06779,1.0654,1.06601,22217.44
2022-12-30 00:00:00,1.06602,1.06692,1.06546,1.06588,36112.96
2022-12-30 04:00:00,1.06585,1.06593,1.06385,1.06509,41829.32
2022-12-30 08:00:00,1.06511,1.0699,1.06498,1.06759,76217.28
2022-12-30 12:00:00,1.06759,1.07011,1.0645,1.06722,110061.19
2022-12-30 16:00:00,1.06721,1.07131,1.0671,1.06996,105905.79
2022-12-30 20:00:00,1.06996,1.07082,1.06921,1.07026,23327.778
2023-01-01 20:00:00,1.0697,1.07066,1.06788,1.07005,7410.38
2023-01-02 00:00:00,1.07007,1.07087,1.06862,1.06899,8251.81
2023-01-02 04:00:00,1.06896,1.0702,1.06632,1.06786,21780.52
2023-01-02 08:00:00,1.06794,1.06994,1.06712,1.06842,32031.17
2023-01-02 12:00:00,1.06841,1.0687,1.0658,1.066,17975.4
2023-01-02 16:00:00,1.06598,1.06705,1.06499,1.06561,23196.27
2023-01-02 20:00:00,1.0656,1.06833,1.06499,1.06765,29380.89
2023-01-03 00:00:00,1.06764,1.06783,1.06503,1.06722,56636.61
2023-01-03 04:00:00,1.06722,1.06801,1.06199,1.06236,54772.71
2023-01-03 08:00:00,1.06237,1.06282,1.05194,1.05282,144097.24
2023-01-03 12:00:00,1.05281,1.05973,1.05238,1.05554,140402.63
2023-01-03 16:00:00,1.05554,1.05681,1.05371,1.05662,89458.47
2023-01-03 20:00:00,1.05664,1.05688,1.05403,1.05455,38778.11
2023-01-04 00:00:00,1.05453,1.05697,1.0545,1.05687,40128.21
2023-01-04 04:00:00,1.05688,1.06057,1.05594,1.05937,51276.32
2023-01-04 08:00:00,1.05938,1.06354,1.059,1.06043,64956.69
2023-01-04 12:00:00,1.06044,1.06282,1.0581,1.0603,137878.83
2023-01-04 16:00:00,1.0603,1.06205,1.0585,1.06053,102186.07
2023-01-04 20:00:00,1.06053,1.06112,1.05997,1.06061,33501.12
2023-01-05 00:00:00,1.06058,1.06314,1.06029,1.06069,48579.73
2023-01-05 04:00:00,1.0607,1.06199,1.05901,1.06052,48399.7
2023-01-05 08:00:00,1.06052,1.06288,1.0603,1.0611,74149.78
2023-01-05 12:00:00,1.06111,1.06173,1.05148,1.05181,165210.53
2023-01-05 16:00:00,1.05183,1.0543,1.05174,1.053,89137.91
2023-01-05 20:00:00,1.05299,1.05306,1.05155,1.05208,29746.01
2023-01-06 00:00:00,1.05209,1.05363,1.05188,1.05321,36436.48
2023-01-06 04:00:00,1.05319,1.05343,1.05069,1.05124,48966.28
2023-01-06 08:00:00,1.05126,1.05309,1.04922,1.0494,66843.12
2023-01-06 12:00:00,1.04942,1.06123,1.04823,1.06016,190011.63
2023-01-06 16:00:00,1.06018,1.06478,1.05967,1.06453,79260.09
2023-01-06 20:00:00,1.06453,1.0648,1.06413,1.06413,11387.44
2023-01-08 20:00:00,1.06406,1.06628,1.06381,1.06627,14351.42
2023-01-09 00:00:00,1.06628,1.06777,1.06513,1.06675,56283.81
2023-01-09 04:00:00,1.06674,1.06947,1.06666,1.0673,49010.86
2023-01-09 08:00:00,1.0673,1.06995,1.066,1.06843,82986.93
2023-01-09 12:00:00,1.06841,1.07491,1.06807,1.074,109139.83
2023-01-09 16:00:00,1.07402,1.07605,1.07374,1.07517,75239.81
2023-01-09 20:00:00,1.07517,1.07537,1.0727,1.07326,36357.85
2023-01-10 00:00:00,1.07324,1.07424,1.07205,1.07321,52052.42
2023-01-10 04:00:00,1.07323,1.0744,1.07219,1.07314,49794.99
2023-01-10 08:00:00,1.07316,1.07516,1.07293,1.07349,71506.64
2023-01-10 12:00:00,1.07349,1.07592,1.07119,1.07274,143287.73
2023-01-10 16:00:00,1.07275,1.07437,1.0724,1.07407,66754.8
2023-01-10 20:00:00,1.07409,1.0744,1.07304,1.07382,21518.21
2023-01-11 00:00:00,1.07383,1.07453,1.07255,1.07334,47845.0
2023-01-11 04:00:00,1.07335,1.07573,1.07318,1.07466,50668.81
2023-01-11 08:00:00,1.07465,1.0755,1.07254,1.07481,86195.45
2023-01-11 12:00:00,1.07483,1.07762,1.07279,1.07549,115591.67
2023-01-11 16:00:00,1.07549,1.0768,1.07348,1.0763,71536.06
2023-01-11 20:00:00,1.07629,1.07673,1.07485,1.07652,30639.81
2023-01-12 00:00:00,1.07652,1.07745,1.07601,1.07684,56401.03
2023-01-12 04:00:00,1.07685,1.0775,1.07555,1.07623,57293.9
2023-01-12 08:00:00,1.07626,1.07732,1.07426,1.07616,90161.57
2023-01-12 12:00:00,1.07615,1.08387,1.07297,1.08067,254151.84
2023-01-12 16:00:00,1.08066,1.08668,1.08023,1.08491,145766.73
2023-01-12 20:00:00,1.0849,1.08599,1.08411,1.08595,36881.78
2023-01-13 00:00:00,1.08595,1.08679,1.08315,1.08456,63702.45
2023-01-13 04:00:00,1.08454,1.08508,1.08315,1.08488,62097.17
2023-01-13 08:00:00,1.08487,1.0864,1.08083,1.0812,104008.15
2023-01-13 12:00:00,1.08119,1.08386,1.07803,1.08292,150143.09
2023-01-13 16:00:00,1.08292,1.08351,1.08009,1.08291,88337.62
2023-01-13 20:00:00,1.0829,1.08356,1.08268,1.08302,12162.35
2023-01-15 20:00:00,1.08288,1.0835,1.08201,1.08225,12216.62
2023-01-16 00:00:00,1.08224,1.08741,1.08211,1.08599,56030.41
2023-01-16 04:00:00,1.08599,1.08637,1.08264,1.08308,51486.77
2023-01-16 08:00:00,1.08307,1.08364,1.08013,1.08268,78376.23
2023-01-16 12:00:00,1.08267,1.0829,1.08058,1.08251,60165.36
2023-01-16 16:00:00,1.08251,1.08264,1.08107,1.08192,25251.95
2023-01-16 20:00:00,1.08193,1.08323,1.08165,1.08294,25074.13
2023-01-17 00:00:00,1.08294,1.08336,1.08061,1.08249,59569.96
2023-01-17 04:00:00,1.08249,1.08354,1.08118,1.08279,57894.11
2023-01-17 08:00:00,1.0828,1.08385,1.08088,1.08322,92800.19
2023-01-17 12:00:00,1.08323,1.08693,1.07949,1.08016,167083.95
2023-01-17 16:00:00,1.08016,1.08091,1.07744,1.07932,83172.16
2023-01-17 20:00:00,1.07932,1.07968,1.07853,1.07893,29196.93
2023-01-18 00:00:00,1.07891,1.07992,1.07661,1.07728,75305.77
2023-01-18 04:00:00,1.0773,1.08364,1.07672,1.08252,79411.14
2023-01-18 08:00:00,1.08252,1.08714,1.08115,1.0815,47446.3
2023-01-18 12:00:00,1.08151,1.08873,1.08149,1.0833,94448.05
2023-01-18 16:00:00,1.08332,1.08357,1.07866,1.07948,50529.58
2023-01-18 20:00:00,1.07947,1.07978,1.07872,1.07972,18006.74
2023-01-19 00:00:00,1.07974,1.08054,1.07821,1.08005,24332.37
2023-01-19 04:00:00,1.08005,1.08138,1.07825,1.08076,23903.44
2023-01-19 08:00:00,1.08078,1.0838,1.08031,1.08216,38846.97
2023-01-19 12:00:00,1.08216,1.0827,1.07837,1.0789,63818.84
2023-01-19 16:00:00,1.07892,1.08356,1.07872,1.08304,44830.26
2023-01-19 20:00:00,1.08303,1.08398,1.08265,1.08333,15707.77
2023-01-20 00:00:00,1.08332,1.0844,1.08279,1.08343,20625.82
2023-01-20 04:00:00,1.08343,1.08464,1.08207,1.08399,17680.3
2023-01-20 08:00:00,1.08401,1.08587,1.08243,1.08247,30915.68
2023-01-20 12:00:00,1.08248,1.08477,1.08022,1.08309,44285.48
2023-01-20 16:00:00,1.08309,1.08582,1.08272,1.08539,32494.97
2023-01-20 20:00:00,1.0854,1.08581,1.08519,1.08549,10501.79
2023-01-22 20:00:00,1.08678,1.08696,1.08611,1.08643,11689.1875
2023-01-23 00:00:00,1.08639,1.09029,1.08639,1.08983,19971.45
2023-01-23 04:00:00,1.08986,1.09267,1.08871,1.09141,20936.51
2023-01-23 08:00:00,1.09141,1.09203,1.08787,1.08811,33533.46
2023-01-23 12:00:00,1.08811,1.08831,1.08461,1.08646,54182.3
2023-01-23 16:00:00,1.08645,1.08757,1.08474,1.08587,33891.77
2023-01-23 20:00:00,1.08588,1.08759,1.0857,1.08711,14734.51
2023-01-24 00:00:00,1.08711,1.08828,1.08674,1.08743,10756.77
2023-01-24 04:00:00,1.08742,1.08978,1.08692,1.08885,16034.73
2023-01-24 08:00:00,1.08886,1.08957,1.08517,1.08665,60773.72
2023-01-24 12:00:00,1.08665,1.08807,1.08349,1.0875,137750.25
2023-01-24 16:00:00,1.08751,1.08887,1.08669,1.08835,68393.83
2023-01-24 20:00:00,1.08836,1.08903,1.08789,1.08897,26698.83
2023-01-25 00:00:00,1.08899,1.09013,1.08807,1.08971,42969.43
2023-01-25 04:00:00,1.08971,1.0911,1.08784,1.08809,47671.34
2023-01-25 08:00:00,1.08808,1.08918,1.08571,1.08645,82344.22
2023-01-25 12:00:00,1.08646,1.09236,1.08585,1.09021,119638.21
2023-01-25 16:00:00,1.09018,1.0918,1.08741,1.09144,76508.91
2023-01-25 20:00:00,1.09145,1.09228,1.09063,1.09206,21763.63
2023-01-26 00:00:00,1.09206,1.09246,1.09069,1.09131,32129.63
2023-01-26 04:00:00,1.09129,1.09293,1.09064,1.09194,41092.76
2023-01-26 08:00:00,1.09195,1.09279,1.08924,1.09027,65546.58
2023-01-26 12:00:00,1.09028,1.09173,1.08508,1.08551,149838.65
2023-01-26 16:00:00,1.08551,1.08903,1.08505,1.0889,64937.56
2023-01-26 20:00:00,1.0889,1.08963,1.08862,1.0893,16648.91
2023-01-27 00:00:00,1.0893,1.09001,1.08704,1.08735,23583.31
2023-01-27 04:00:00,1.08735,1.08793,1.08654,1.08734,29908.85
2023-01-27 08:00:00,1.08738,1.08953,1.08654,1.08789,55633.34
2023-01-27 12:00:00,1.08789,1.08807,1.08377,1.08385,125628.07
2023-01-27 16:00:00,1.08385,1.08721,1.08381,1.08683,59464.37
2023-01-27 20:00:00,1.08684,1.08728,1.08639,1.08649,6536.33
2023-01-29 20:00:00,1.08643,1.08724,1.08595,1.08717,3631.56
2023-01-30 00:00:00,1.08718,1.08753,1.0861,1.08684,13449.63
2023-01-30 04:00:00,1.08684,1.08792,1.08528,1.08594,17873.11
2023-01-30 08:00:00,1.08595,1.09137,1.08595,1.08961,37027.51
2023-01-30 12:00:00,1.08962,1.0911,1.08674,1.08706,57960.45
2023-01-30 16:00:00,1.08707,1.08747,1.08389,1.08461,62910.4
2023-01-30 20:00:00,1.08459,1.08544,1.08439,1.08499,18825.2375
2023-01-31 00:00:00,1.085,1.08599,1.0844,1.08444,34732.42
2023-01-31 04:00:00,1.08445,1.08496,1.08315,1.08438,37877.26
2023-01-31 08:00:00,1.08439,1.08446,1.08019,1.08357,61249.38
2023-01-31 12:00:00,1.0836,1.08642,1.08254,1.086,116225.45
2023-01-31 16:00:00,1.08598,1.08747,1.08504,1.08637,39920.04
2023-01-31 20:00:00,1.08639,1.08729,1.08597,1.08606,19285.18
2023-02-01 00:00:00,1.08605,1.08638,1.0852,1.08626,26920.4
2023-02-01 04:00:00,1.08625,1.08835,1.08624,1.08798,32363.33
2023-02-01 08:00:00,1.08801,1.08967,1.08695,1.08924,61209.87
2023-02-01 12:00:00,1.08924,1.09247,1.0888,1.09196,103922.86
2023-02-01 16:00:00,1.09195,1.09857,1.08885,1.09777,154172.78
2023-02-01 20:00:00,1.09778,1.10327,1.09693,1.10124,82184.33
2023-02-02 00:00:00,1.10123,1.10266,1.1006,1.10174,58784.97
2023-02-02 04:00:00,1.10174,1.10253,1.09913,1.09933,51560.03
2023-02-02 08:00:00,1.09933,1.10103,1.09803,1.0999,79935.66
2023-02-02 12:00:00,1.0999,1.10043,1.08851,1.09366,175369.89
2023-02-02 16:00:00,1.09366,1.09488,1.0905,1.09077,78413.54
2023-02-02 20:00:00,1.09077,1.09161,1.09043,1.09043,35724.5
2023-02-03 00:00:00,1.09044,1.0905,1.08878,1.08938,44314.38
2023-02-03 04:00:00,1.08937,1.09059,1.08818,1.08994,43763.23
2023-02-03 08:00:00,1.08995,1.09368,1.08845,1.0929,71398.31
2023-02-03 12:00:00,1.0929,1.09399,1.08092,1.08582,222029.38
2023-02-03 16:00:00,1.08582,1.08613,1.08017,1.08044,108780.66
2023-02-03 20:00:00,1.08046,1.08048,1.07924,1.07929,18846.11
2023-02-05 20:00:00,1.0782,1.07981,1.07817,1.07891,17048.275
2023-02-06 00:00:00,1.0789,1.07982,1.07813,1.079,44008.44
2023-02-06 04:00:00,1.079,1.07987,1.07799,1.07799,43269.66
2023-02-06 08:00:00,1.07798,1.0795,1.07565,1.07662,73426.23
2023-02-06 12:00:00,1.0766,1.0783,1.0722,1.07302,109073.11
2023-02-06 16:00:00,1.07301,1.07392,1.07092,1.07247,69109.09
2023-02-06 20:00:00,1.07244,1.07308,1.07185,1.07289,28836.96
2023-02-07 00:00:00,1.07288,1.07425,1.07279,1.0738,34728.15
2023-02-07 04:00:00,1.0738,1.07436,1.07229,1.07239,48741.44
2023-02-07 08:00:00,1.07242,1.07347,1.06968,1.07047,96174.94
2023-02-07 12:00:00,1.07049,1.07122,1.0669,1.06926,103210.38
2023-02-07 16:00:00,1.06926,1.07664,1.06872,1.07191,190702.84
2023-02-07 20:00:00,1.07192,1.07307,1.07081,1.07301,23980.01
2023-02-08 00:00:00,1.07303,1.07349,1.0723,1.07321,34563.54
2023-02-08 04:00:00,1.0732,1.07596,1.07238,1.07586,35824.6
2023-02-08 08:00:00,1.07586,1.07607,1.07327,1.07348,67416.99
2023-02-08 12:00:00,1.07348,1.0749,1.07137,1.07251,100204.46
2023-02-08 16:00:00,1.07251,1.074,1.07186,1.07229,74841.85
2023-02-08 20:00:00,1.07229,1.07244,1.07092,1.07151,28315.93
2023-02-09 00:00:00,1.07152,1.07326,1.07093,1.07293,31844.37
2023-02-09 04:00:00,1.07294,1.07446,1.07239,1.07329,44308.0
2023-02-09 08:00:00,1.0733,1.07783,1.07324,1.0763,63805.65
2023-02-09 12:00:00,1.0763,1.07907,1.0759,1.07626,96787.76
2023-02-09 16:00:00,1.07625,1.07631,1.07329,1.07372,84196.94
2023-02-09 20:00:00,1.07372,1.07412,1.07312,1.0739,23389.98
2023-02-10 00:00:00,1.07391,1.07395,1.07173,1.07205,43645.51
2023-02-10 04:00:00,1.07206,1.07445,1.07171,1.07408,58740.81
2023-02-10 08:00:00,1.0741,1.07525,1.06915,1.06983,107824.73
2023-02-10 12:00:00,1.06984,1.07067,1.06743,1.06767,126572.39
2023-02-10 16:00:00,1.06768,1.06868,1.06661,1.0673,55656.29
2023-02-10 20:00:00,1.06732,1.06807,1.06731,1.06754,9469.68
2023-02-12 20:00:00,1.06808,1.06821,1.06708,1.06771,9208.85
2023-02-13 00:00:00,1.06771,1.06787,1.06553,1.06604,46806.84
2023-02-13 04:00:00,1.06605,1.06897,1.06604,1.06828,43640.44
2023-02-13 08:00:00,1.06829,1.06854,1.0663,1.06757,61514.36
2023-02-13 12:00:00,1.06757,1.07272,1.06735,1.07195,94032.51
2023-02-13 16:00:00,1.07196,1.07297,1.07102,1.07171,53958.59
2023-02-13 20:00:00,1.07171,1.07322,1.07139,1.07308,16084.71
2023-02-14 00:00:00,1.07308,1.07367,1.07253,1.07342,34746.25
2023-02-14 04:00:00,1.07343,1.07463,1.07286,1.07316,41866.61
2023-02-14 08:00:00,1.07317,1.07668,1.07287,1.0755,70563.69
2023-02-14 12:00:00,1.07549,1.08044,1.07066,1.07156,236367.23
2023-02-14 16:00:00,1.07156,1.07454,1.07122,1.07393,137038.05
2023-02-14 20:00:00,1.07393,1.07421,1.07321,1.0735,24285.64
2023-02-15 00:00:00,1.07351,1.07443,1.0717,1.07179,42414.47
2023-02-15 04:00:00,1.07179,1.0721,1.06997,1.07079,48915.57
2023-02-15 08:00:00,1.0708,1.07327,1.07047,1.07108,69108.15
2023-02-15 12:00:00,1.07109,1.07179,1.06649,1.06758,162508.37
2023-02-15 16:00:00,1.06757,1.06875,1.06604,1.06808,77344.09
2023-02-15 20:00:00,1.0681,1.06922,1.06797,1.06912,40900.74
2023-02-16 00:00:00,1.06913,1.07147,1.06843,1.07093,52608.54
2023-02-16 04:00:00,1.07093,1.07104,1.0696,1.0709,42839.43
2023-02-16 08:00:00,1.07087,1.07222,1.06888,1.0705,63389.53
2023-02-16 12:00:00,1.0705,1.07086,1.06544,1.06729,160740.38
2023-02-16 16:00:00,1.06731,1.06973,1.06681,1.06902,90089.99
2023-02-16 20:00:00,1.06901,1.06907,1.06622,1.06653,41358.27
2023-02-17 00:00:00,1.06653,1.06654,1.06487,1.06525,39824.04
2023-02-17 04:00:00,1.06523,1.06529,1.06292,1.06437,47874.83
2023-02-17 08:00:00,1.06438,1.06611,1.06236,1.06256,77595.13
2023-02-17 12:00:00,1.06257,1.06819,1.06126,1.06619,142317.0
2023-02-17 16:00:00,1.0662,1.06967,1.06566,1.06961,85249.77
2023-02-17 20:00:00,1.06962,1.06982,1.06925,1.06929,13256.285
2023-02-19 20:00:00,1.06849,1.06933,1.06822,1.06838,16735.32
2023-02-20 00:00:00,1.0684,1.06864,1.06728,1.06816,37195.62
2023-02-20 04:00:00,1.06816,1.07035,1.06813,1.07015,45595.79
2023-02-20 08:00:00,1.07015,1.07044,1.0678,1.0685,56249.74
2023-02-20 12:00:00,1.06852,1.06938,1.06701,1.0686,50237.05
2023-02-20 16:00:00,1.06861,1.06905,1.06829,1.0687,15619.77
2023-02-20 20:00:00,1.06871,1.06884,1.0682,1.06821,16527.55
2023-02-21 00:00:00,1.06821,1.06849,1.0662,1.06665,38782.45
2023-02-21 04:00:00,1.06667,1.06739,1.06599,1.06696,39140.74
2023-02-21 08:00:00,1.06696,1.06883,1.06425,1.06571,109859.6
2023-02-21 12:00:00,1.06571,1.0698,1.06437,1.0685,146752.08
2023-02-21 16:00:00,1.0685,1.06854,1.06372,1.06484,73224.6
2023-02-21 20:00:00,1.06484,1.06534,1.0643,1.06512,36344.04
2023-02-22 00:00:00,1.06513,1.06638,1.06485,1.06596,43590.29
2023-02-22 04:00:00,1.06594,1.06632,1.0651,1.06534,26971.28
2023-02-22 08:00:00,1.06532,1.06576,1.06245,1.063,67931.01
2023-02-22 12:00:00,1.06303,1.06602,1.06249,1.06267,98029.53
2023-02-22 16:00:00,1.06268,1.06359,1.05994,1.06007,109864.48
2023-02-22 20:00:00,1.06009,1.06096,1.05989,1.06053,28388.89
2023-02-23 00:00:00,1.06053,1.06247,1.06052,1.06223,30494.69
2023-02-23 04:00:00,1.06222,1.06275,1.06102,1.06164,40869.71
2023-02-23 08:00:00,1.06163,1.06176,1.05857,1.06038,75879.09
2023-02-23 12:00:00,1.06037,1.06209,1.05873,1.05967,145060.27
2023-02-23 16:00:00,1.05969,1.06028,1.05769,1.05954,71166.92
2023-02-23 20:00:00,1.05955,1.06032,1.05927,1.05972,16568.21
2023-02-24 00:00:00,1.05973,1.06141,1.05932,1.05998,59534.22
2023-02-24 04:00:00,1.05998,1.06021,1.05883,1.05893,49100.67
2023-02-24 08:00:00,1.05893,1.05959,1.05733,1.05794,69674.1
2023-02-24 12:00:00,1.05794,1.05794,1.05359,1.0542,192657.37
2023-02-24 16:00:00,1.0542,1.05597,1.05399,1.05506,79357.47
2023-02-24 20:00:00,1.05505,1.05555,1.05435,1.0545,17892.53
2023-02-26 20:00:00,1.05451,1.0555,1.05439,1.05533,6401.74
2023-02-27 00:00:00,1.05533,1.05598,1.054,1.0544,44146.49
2023-02-27 04:00:00,1.05441,1.05528,1.05328,1.05476,47529.88
2023-02-27 08:00:00,1.05478,1.0569,1.05478,1.05621,64331.58
2023-02-27 12:00:00,1.0562,1.06198,1.05502,1.06009,106995.4
2023-02-27 16:00:00,1.06008,1.06127,1.05795,1.06073,51197.12
2023-02-27 20:00:00,1.06074,1.06104,1.06014,1.06094,17253.12
2023-02-28 00:00:00,1.06094,1.06148,1.05855,1.05923,26049.89
2023-02-28 04:00:00,1.05922,1.05966,1.05817,1.05932,33282.6
2023-02-28 08:00:00,1.05938,1.0626,1.05938,1.06089,62461.4
2023-02-28 12:00:00,1.0609,1.06451,1.06014,1.0605,94791.51
2023-02-28 16:00:00,1.06051,1.06169,1.05823,1.05837,72989.64
2023-02-28 20:00:00,1.05835,1.05838,1.05726,1.05766,26666.15
2023-03-01 00:00:00,1.05767,1.05955,1.05651,1.0593,49944.28
2023-03-01 04:00:00,1.0593,1.0645,1.05879,1.06415,63399.48
2023-03-01 08:00:00,1.06415,1.06739,1.06254,1.06695,104551.59
2023-03-01 12:00:00,1.06696,1.06913,1.06434,1.06721,143542.29
2023-03-01 16:00:00,1.0672,1.06783,1.06463,1.0657,82397.42
2023-03-01 20:00:00,1.06572,1.06723,1.0656,1.06684,19572.16
2023-03-02 00:00:00,1.06684,1.06726,1.06444,1.06456,53612.47
2023-03-02 04:00:00,1.06456,1.06507,1.06321,1.06361,44038.95
2023-03-02 08:00:00,1.06362,1.06429,1.06129,1.06247,95307.65
2023-03-02 12:00:00,1.06248,1.06309,1.05819,1.06086,145396.85
2023-03-02 16:00:00,1.06085,1.06127,1.05764,1.05902,67723.45
2023-03-02 20:00:00,1.05903,1.06064,1.0586,1.05983,25281.94
2023-03-03 00:00:00,1.05982,1.06148,1.05966,1.06061,46015.24
2023-03-03 04:00:00,1.06062,1.06231,1.06051,1.06097,42535.45
2023-03-03 08:00:00,1.06098,1.0629,1.06003,1.06144,75703.34
2023-03-03 12:00:00,1.06144,1.06295,1.05882,1.05975,120321.94
2023-03-03 16:00:00,1.05976,1.06355,1.05924,1.06345,65363.82
2023-03-03 20:00:00,1.06344,1.06384,1.06301,1.06337,13911.75
2023-03-05 20:00:00,1.06228,1.06288,1.06228,1.06254,8875.97
2023-03-06 00:00:00,1.06255,1.06498,1.0624,1.06456,43920.41
2023-03-06 04:00:00,1.06457,1.06568,1.0637,1.06482,43884.88
2023-03-06 08:00:00,1.0648,1.06572,1.06219,1.06393,67684.3
2023-03-06 12:00:00,1.06393,1.06894,1.06321,1.06785,105714.1
2023-03-06 16:00:00,1.06785,1.06942,1.06682,1.06754,54009.54
2023-03-06 20:00:00,1.06754,1.06868,1.06719,1.06854,17996.06
2023-03-07 00:00:00,1.06853,1.06925,1.06763,1.06909,40350.02
2023-03-07 04:00:00,1.06908,1.06943,1.06744,1.06854,52229.91
2023-03-07 08:00:00,1.06853,1.06862,1.06542,1.06565,75190.26
2023-03-07 12:00:00,1.06564,1.06719,1.05737,1.05854,149096.69
2023-03-07 16:00:00,1.05853,1.05959,1.0546,1.05514,129715.47
2023-03-07 20:00:00,1.05516,1.05571,1.05471,1.05481,17954.62
2023-03-08 00:00:00,1.05482,1.05504,1.05274,1.05292,45717.26
2023-03-08 04:00:00,1.05292,1.05469,1.05241,1.05434,45940.17
2023-03-08 08:00:00,1.05434,1.05484,1.05339,1.05377,61996.58
2023-03-08 12:00:00,1.05376,1.05738,1.05291,1.05524,147690.51
2023-03-08 16:00:00,1.05525,1.05676,1.05397,1.05456,83092.03
2023-03-08 20:00:00,1.05457,1.05499,1.0541,1.05488,17154.39
2023-03-09 00:00:00,1.05488,1.05532,1.05378,1.05491,31720.05
2023-03-09 04:00:00,1.05492,1.05596,1.05457,1.05562,31801.89
2023-03-09 08:00:00,1.05562,1.05812,1.0548,1.05709,62307.51
2023-03-09 12:00:00,1.0571,1.05862,1.05524,1.05686,113270.24
2023-03-09 16:00:00,1.05686,1.0591,1.05635,1.05755,88804.03
2023-03-09 20:00:00,1.05755,1.05856,1.05723,1.05856,33270.48
2023-03-10 00:00:00,1.05855,1.05993,1.05791,1.05967,62981.53
2023-03-10 04:00:00,1.05967,1.06066,1.05809,1.05948,58410.64
2023-03-10 08:00:00,1.05946,1.06036,1.05738,1.05894,86764.4
2023-03-10 12:00:00,1.05896,1.07004,1.05806,1.06872,219305.34
2023-03-10 16:00:00,1.06873,1.06873,1.06359,1.06434,127518.95
2023-03-10 20:00:00,1.06434,1.06479,1.06364,1.06387,19208.15
2023-03-12 20:00:00,1.06808,1.0703,1.0674,1.0681,47134.832
2023-03-13 00:00:00,1.06811,1.07369,1.06637,1.07168,102926.64
2023-03-13 04:00:00,1.0717,1.07372,1.07131,1.07251,66374.8
2023-03-13 08:00:00,1.07253,1.07288,1.06572,1.06639,194546.76
2023-03-13 12:00:00,1.0664,1.07333,1.065,1.07332,228088.73
2023-03-13 16:00:00,1.07332,1.07484,1.07208,1.07295,138969.47
2023-03-13 20:00:00,1.07295,1.07335,1.07223,1.07228,26438.66
2023-03-14 00:00:00,1.07228,1.07241,1.06987,1.07025,53151.35
2023-03-14 04:00:00,1.07028,1.07153,1.06787,1.06895,79676.19
2023-03-14 08:00:00,1.06895,1.07282,1.06829,1.07217,106185.47
2023-03-14 12:00:00,1.07219,1.07486,1.06979,1.0721,203385.02
2023-03-14 16:00:00,1.0721,1.07494,1.07104,1.07414,122256.86
2023-03-14 20:00:00,1.07416,1.07421,1.07252,1.07267,14611.48
2023-03-15 00:00:00,1.07267,1.07597,1.0725,1.07508,41954.83
2023-03-15 04:00:00,1.07509,1.07537,1.07274,1.07371,60295.57
2023-03-15 08:00:00,1.07373,1.07435,1.05804,1.05873,164845.26
2023-03-15 12:00:00,1.05872,1.05946,1.05158,1.05338,209536.51
2023-03-15 16:00:00,1.05338,1.05923,1.05274,1.05801,181247.7
2023-03-15 20:00:00,1.05803,1.05888,1.05739,1.05814,25967.28
2023-03-16 00:00:00,1.05814,1.05991,1.05729,1.05985,75530.94
2023-03-16 04:00:00,1.05986,1.0628,1.05927,1.06247,62871.16
2023-03-16 08:00:00,1.0625,1.06353,1.05999,1.0613,106370.97
2023-03-16 12:00:00,1.0613,1.06267,1.0551,1.06212,227154.18
2023-03-16 16:00:00,1.06214,1.06251,1.05915,1.06148,118795.6
2023-03-16 20:00:00,1.06147,1.06171,1.06066,1.06135,18609.92
2023-03-17 00:00:00,1.06136,1.06447,1.06116,1.06402,52465.21
2023-03-17 04:00:00,1.06402,1.06693,1.06388,1.06625,65931.49
2023-03-17 08:00:00,1.06625,1.06699,1.06154,1.06295,92205.1
2023-03-17 12:00:00,1.06295,1.06479,1.06122,1.06462,65810.29
2023-03-17 16:00:00,1.06461,1.06852,1.06421,1.06612,47082.01
2023-03-17 20:00:00,1.06613,1.06666,1.06584,1.06647,5908.485
2023-03-19 20:00:00,1.06885,1.06886,1.06661,1.06804,12101.36
2023-03-20 00:00:00,1.06806,1.06898,1.06646,1.06692,19221.71
2023-03-20 04:00:00,1.06691,1.0681,1.06416,1.06554,51550.33
2023-03-20 08:00:00,1.06554,1.07086,1.06311,1.07068,167565.45
2023-03-20 12:00:00,1.07071,1.07309,1.07017,1.07211,142234.65
2023-03-20 16:00:00,1.07211,1.07283,1.07067,1.07231,71990.58
2023-03-20 20:00:00,1.07231,1.07243,1.07155,1.07185,31231.73
2023-03-21 00:00:00,1.07185,1.0726,1.0714,1.07157,47627.23
2023-03-21 04:00:00,1.07158,1.07219,1.07038,1.07189,47530.29
2023-03-21 08:00:00,1.0719,1.07846,1.07161,1.07785,105665.45
2023-03-21 12:00:00,1.07787,1.07886,1.07607,1.07688,129567.51
2023-03-21 16:00:00,1.07686,1.07783,1.07561,1.07693,56613.53
2023-03-21 20:00:00,1.07695,1.07739,1.07656,1.07727,10981.67
2023-03-22 00:00:00,1.07725,1.07767,1.07652,1.07698,35860.95
2023-03-22 04:00:00,1.07698,1.0775,1.0759,1.07657,49078.15
2023-03-22 08:00:00,1.07658,1.0798,1.0765,1.07972,85255.03
2023-03-22 12:00:00,1.07971,1.08002,1.07756,1.07912,83187.65
2023-03-22 16:00:00,1.07912,1.09124,1.07884,1.08653,182273.8
2023-03-22 20:00:00,1.08652,1.08717,1.08531,1.08688,23415.4
2023-03-23 00:00:00,1.08689,1.09056,1.08684,1.09008,55916.06
2023-03-23 04:00:00,1.09007,1.09296,1.08949,1.0906,85684.4
2023-03-23 08:00:00,1.09061,1.09104,1.08667,1.08759,113126.07
2023-03-23 12:00:00,1.08759,1.09079,1.08695,1.08898,122703.78
2023-03-23 16:00:00,1.08898,1.08986,1.0824,1.08397,123038.08
2023-03-23 20:00:00,1.08397,1.08407,1.0827,1.08345,23757.32
2023-03-24 00:00:00,1.08347,1.08351,1.08171,1.08286,59756.48
2023-03-24 04:00:00,1.08286,1.0837,1.08226,1.0828,55401.85
2023-03-24 08:00:00,1.08281,1.08309,1.07131,1.0738,199674.92
2023-03-24 12:00:00,1.0738,1.07673,1.07229,1.07611,161816.45
2023-03-24 16:00:00,1.07612,1.07675,1.07513,1.07589,56182.3
2023-03-24 20:00:00,1.07591,1.07628,1.07564,1.07566,4743.13
2023-03-26 20:00:00,1.07752,1.07798,1.07648,1.07776,17995.06
2023-03-27 00:00:00,1.07775,1.07775,1.07575,1.07715,50449.49
2023-03-27 04:00:00,1.07715,1.07821,1.07449,1.07515,68021.91
2023-03-27 08:00:00,1.07511,1.07807,1.07504,1.07716,81798.07
2023-03-27 12:00:00,1.07716,1.07948,1.07679,1.07878,91187.21
2023-03-27 16:00:00,1.07876,1.07986,1.0786,1.07972,33581.56
2023-03-27 20:00:00,1.07972,1.08076,1.07948,1.08062,9539.21
2023-03-28 00:00:00,1.08061,1.08194,1.08033,1.0815,41098.06
2023-03-28 04:00:00,1.08151,1.08339,1.0806,1.08204,62259.24
2023-03-28 08:00:00,1.08202,1.08365,1.08103,1.08312,77048.28
2023-03-28 12:00:00,1.08313,1.08468,1.08163,1.08427,104104.41
2023-03-28 16:00:00,1.08428,1.08485,1.08313,1.08476,34832.6
2023-03-28 20:00:00,1.08475,1.08475,1.08364,1.08388,12928.81
2023-03-29 00:00:00,1.0839,1.08494,1.08346,1.08364,32512.72
2023-03-29 04:00:00,1.08364,1.08438,1.08177,1.08368,50249.33
2023-03-29 08:00:00,1.08368,1.08713,1.08265,1.08551,65424.5
2023-03-29 12:00:00,1.08551,1.08599,1.08246,1.08249,107058.55
2023-03-29 16:00:00,1.08252,1.08481,1.08234,1.08393,41373.06
2023-03-29 20:00:00,1.08391,1.08485,1.08383,1.08425,10141.16
2023-03-30 00:00:00,1.08424,1.08434,1.08263,1.08329,28782.45
2023-03-30 04:00:00,1.0833,1.08577,1.08235,1.08547,56026.0
2023-03-30 08:00:00,1.08547,1.08844,1.08505,1.08787,65276.91
2023-03-30 12:00:00,1.08788,1.09262,1.08785,1.08979,91620.97
2023-03-30 16:00:00,1.08979,1.09077,1.0892,1.09068,35170.34
2023-03-30 20:00:00,1.09067,1.09074,1.09018,1.09041,9262.64
2023-03-31 00:00:00,1.0904,1.09257,1.09012,1.09068,41270.45
2023-03-31 04:00:00,1.09067,1.09107,1.088,1.08845,56246.7
2023-03-31 08:00:00,1.08846,1.08959,1.08641,1.0867,84410.95
2023-03-31 12:00:00,1.08672,1.09018,1.08574,1.08718,125046.37
2023-03-31 16:00:00,1.08718,1.08723,1.0843,1.08456,36403.15
2023-03-31 20:00:00,1.08457,1.0846,1.08368,1.08386,4448.63
2023-04-02 20:00:00,1.08398,1.0844,1.08011,1.08023,19590.87
2023-04-03 00:00:00,1.08024,1.08167,1.07882,1.07899,40788.13
2023-04-03 04:00:00,1.079,1.08418,1.07891,1.0839,58263.91
2023-04-03 08:00:00,1.08389,1.08777,1.08299,1.08765,73328.2
2023-04-03 12:00:00,1.08764,1.09165,1.08615,1.08903,117924.88
2023-04-03 16:00:00,1.08902,1.09074,1.08799,1.09062,37122.86
2023-04-03 20:00:00,1.09061,1.09095,1.09,1.09066,10092.11
2023-04-04 00:00:00,1.09067,1.09097,1.08884,1.08885,43979.58
2023-04-04 04:00:00,1.08886,1.0938,1.08828,1.0925,65794.79
2023-04-04 08:00:00,1.0925,1.09359,1.08958,1.08974,86641.32
2023-04-04 12:00:00,1.08974,1.09733,1.08867,1.09506,135499.42
2023-04-04 16:00:00,1.09506,1.09576,1.09432,1.09571,31772.8
2023-04-04 20:00:00,1.09572,1.09614,1.09471,1.09575,9490.93
2023-04-05 00:00:00,1.09576,1.09695,1.09553,1.09596,38568.52
2023-04-05 04:00:00,1.09596,1.09673,1.09466,1.09501,56336.93
2023-04-05 08:00:00,1.09502,1.09603,1.09348,1.0941,67122.87
2023-04-05 12:00:00,1.0941,1.09668,1.09027,1.09173,132481.32
2023-04-05 16:00:00,1.09173,1.09197,1.0891,1.09037,35401.81
2023-04-05 20:00:00,1.09035,1.09103,1.09011,1.09029,7798.5
2023-04-06 00:00:00,1.09029,1.09043,1.08845,1.08918,32855.02
2023-04-06 04:00:00,1.08918,1.0917,1.08896,1.09066,51699.3
2023-04-06 08:00:00,1.09065,1.09167,1.08923,1.09151,62295.59
2023-04-06 12:00:00,1.0915,1.09283,1.08858,1.09259,98060.93
2023-04-06 16:00:00,1.09258,1.09375,1.09213,1.09229,24429.94
2023-04-06 20:00:00,1.09229,1.09233,1.09156,1.09194,6287.16
2023-04-07 00:00:00,1.09195,1.0924,1.09141,1.09197,8649.87
2023-04-07 04:00:00,1.09196,1.09207,1.09113,1.09154,11493.21
2023-04-07 08:00:00,1.09154,1.09216,1.09104,1.09173,10464.9
2023-04-07 12:00:00,1.09173,1.09176,1.08762,1.09114,33396.9
2023-04-07 16:00:00,1.09113,1.09123,1.08993,1.09037,11186.17
2023-04-07 20:00:00,1.09036,1.0907,1.08974,1.09029,7361.22
2023-04-09 20:00:00,1.0898,1.09134,1.0898,1.09129,9989.51
2023-04-10 00:00:00,1.09132,1.09145,1.08968,1.08991,28957.68
2023-04-10 04:00:00,1.08992,1.09169,1.08908,1.09166,22082.54
2023-04-10 08:00:00,1.09167,1.09171,1.08864,1.08888,31410.18
2023-04-10 12:00:00,1.08887,1.08914,1.08313,1.08391,78342.92
2023-04-10 16:00:00,1.08391,1.08629,1.0838,1.08629,30412.36
2023-04-10 20:00:00,1.08628,1.08699,1.08581,1.08687,18228.13
2023-04-11 00:00:00,1.08687,1.08877,1.0867,1.08815,45023.5
2023-04-11 04:00:00,1.08814,1.09044,1.08808,1.08954,62137.21
2023-04-11 08:00:00,1.08953,1.09266,1.08944,1.0905,71279.63
2023-04-11 12:00:00,1.0905,1.09279,1.09022,1.09046,81562.07
2023-04-11 16:00:00,1.09048,1.09168,1.0896,1.0914,30454.9
2023-04-11 20:00:00,1.0914,1.09176,1.09095,1.09163,5587.97
2023-04-12 00:00:00,1.09163,1.09287,1.09147,1.09241,27452.01
2023-04-12 04:00:00,1.0924,1.09373,1.09159,1.09266,44474.75
2023-04-12 08:00:00,1.09265,1.09359,1.0918,1.09224,46767.63
2023-04-12 12:00:00,1.09225,1.09998,1.09196,1.09865,157704.19
2023-04-12 16:00:00,1.09864,1.10004,1.09849,1.09883,47427.69
2023-04-12 20:00:00,1.09884,1.09995,1.09866,1.09968,9249.62
2023-04-13 00:00:00,1.09967,1.10049,1.09836,1.09883,40336.5
2023-04-13 04:00:00,1.09882,1.10006,1.09767,1.09991,47199.09
2023-04-13 08:00:00,1.09991,1.10316,1.09991,1.10099,64001.58
2023-04-13 12:00:00,1.101,1.10676,1.10083,1.10529,110610.2
2023-04-13 16:00:00,1.1053,1.10596,1.1044,1.10464,27770.78
2023-04-13 20:00:00,1.10466,1.10516,1.10451,1.10516,6031.09
2023-04-14 00:00:00,1.10517,1.10751,1.10488,1.10703,38077.31
2023-04-14 04:00:00,1.10702,1.10758,1.10593,1.10653,46075.71
2023-04-14 08:00:00,1.10653,1.10666,1.10477,1.10538,53688.8
2023-04-14 12:00:00,1.1054,1.10739,1.0975,1.09787,161068.01
2023-04-14 16:00:00,1.09789,1.09992,1.09722,1.09964,37908.43
2023-04-14 20:00:00,1.09964,1.09977,1.0992,1.09922,3125.18
2023-04-16 20:00:00,1.09888,1.09942,1.09832,1.09843,10756.23
2023-04-17 00:00:00,1.09844,1.09914,1.09615,1.09762,33420.56
2023-04-17 04:00:00,1.09761,1.09997,1.09756,1.09919,43096.31
2023-04-17 08:00:00,1.09918,1.09933,1.0964,1.09767,62425.55
2023-04-17 12:00:00,1.09766,1.09842,1.09091,1.09139,116641.62
2023-04-17 16:00:00,1.0914,1.09311,1.09105,1.09307,30167.28
2023-04-17 20:00:00,1.09307,1.09307,1.09233,1.09244,6913.98
2023-04-18 00:00:00,1.09245,1.0939,1.09222,1.09357,33162.84
2023-04-18 04:00:00,1.09356,1.09707,1.09337,1.09702,51698.39
2023-04-18 08:00:00,1.09702,1.09828,1.09656,1.09663,65163.09
2023-04-18 12:00:00,1.09662,1.09781,1.09427,1.09571,84803.09
2023-04-18 16:00:00,1.09573,1.09747,1.09547,1.09708,29238.11
2023-04-18 20:00:00,1.09707,1.09764,1.0968,1.09748,23181.81
2023-04-19 00:00:00,1.09749,1.0984,1.09649,1.09742,33159.39
2023-04-19 04:00:00,1.09742,1.09745,1.09463,1.09625,61809.69
2023-04-19 08:00:00,1.09626,1.09631,1.09172,1.09311,82807.28
2023-04-19 12:00:00,1.09311,1.09793,1.09272,1.0953,91885.94
2023-04-19 16:00:00,1.0953,1.09667,1.09516,1.09548,33108.51
2023-04-19 20:00:00,1.09548,1.09579,1.0947,1.09516,10389.91
2023-04-20 00:00:00,1.09517,1.09616,1.09494,1.09594,38619.82
2023-04-20 04:00:00,1.09593,1.0973,1.09498,1.09612,53746.38
2023-04-20 08:00:00,1.09612,1.09783,1.09536,1.09547,73414.23
2023-04-20 12:00:00,1.09546,1.09895,1.09334,1.09694,123842.43
2023-04-20 16:00:00,1.09696,1.09725,1.09562,1.09634,35466.92
2023-04-20 20:00:00,1.09634,1.09719,1.09632,1.09676,11105.3
2023-04-21 00:00:00,1.09676,1.09731,1.09618,1.09639,28543.59
2023-04-21 04:00:00,1.09639,1.09639,1.0938,1.09561,54883.09
2023-04-21 08:00:00,1.09561,1.09857,1.0949,1.09813,71013.73
2023-04-21 12:00:00,1.09815,1.09936,1.09425,1.09719,127407.22
2023-04-21 16:00:00,1.0972,1.09902,1.0969,1.09902,36934.48
2023-04-21 20:00:00,1.09901,1.09929,1.09851,1.09874,4792.91
2023-04-23 20:00:00,1.09913,1.09962,1.09864,1.09916,10191.61
2023-04-24 00:00:00,1.09916,1.0995,1.09798,1.09815,36899.9
2023-04-24 04:00:00,1.09813,1.09881,1.09658,1.09868,46435.45
2023-04-24 08:00:00,1.09869,1.10204,1.09839,1.10023,72592.88
2023-04-24 12:00:00,1.10022,1.10368,1.09992,1.10258,98776.31
2023-04-24 16:00:00,1.10258,1.105,1.10247,1.10431,30266.39
2023-04-24 20:00:00,1.10433,1.1057,1.10429,1.1057,10895.05
2023-04-25 00:00:00,1.10573,1.1067,1.10514,1.10527,41277.65
2023-04-25 04:00:00,1.10528,1.10588,1.10245,1.10326,73811.62
2023-04-25 08:00:00,1.10326,1.10439,1.10094,1.10167,61478.11
2023-04-25 12:00:00,1.10166,1.10294,1.09685,1.09685,106121.62
2023-04-25 16:00:00,1.09685,1.09759,1.09641,1.09698,46371.89
2023-04-25 20:00:00,1.097,1.09804,1.09668,1.09779,15144.9
2023-04-26 00:00:00,1.09778,1.09799,1.09683,1.09751,37610.43
2023-04-26 04:00:00,1.0975,1.10258,1.0972,1.10192,59493.07
2023-04-26 08:00:00,1.10191,1.10626,1.10159,1.10461,98965.19
2023-04-26 12:00:00,1.1046,1.10952,1.10355,1.10509,138258.97
2023-04-26 16:00:00,1.10509,1.10528,1.10323,1.10356,46528.2
2023-04-26 20:00:00,1.10356,1.10463,1.1035,1.1045,13654.82
2023-04-27 00:00:00,1.1045,1.1054,1.10389,1.10456,35511.81
2023-04-27 04:00:00,1.10456,1.10634,1.10398,1.10495,55125.44
2023-04-27 08:00:00,1.10496,1.10593,1.10306,1.10344,63251.03
2023-04-27 12:00:00,1.10344,1.10575,1.0992,1.10154,144174.17
2023-04-27 16:00:00,1.10156,1.10298,1.10055,1.1024,35350.0
2023-04-27 20:00:00,1.10241,1.10338,1.1022,1.10315,12391.72
2023-04-28 00:00:00,1.10315,1.10394,1.10125,1.10194,49294.95
2023-04-28 04:00:00,1.10193,1.10363,1.09938,1.10085,90900.5
2023-04-28 08:00:00,1.10085,1.10094,1.09723,1.09737,76003.49
2023-04-28 12:00:00,1.09736,1.10449,1.09624,1.10394,149192.94
2023-04-28 16:00:00,1.10394,1.10406,1.10119,1.10193,43893.92
2023-04-28 20:00:00,1.10194,1.10201,1.10139,1.10144,4366.11
2023-04-30 20:00:00,1.1024,1.1027,1.101,1.10105,12342.8
2023-05-01 00:00:00,1.10106,1.10143,1.10007,1.1014,23199.58
2023-05-01 04:00:00,1.10143,1.10143,1.09947,1.10033,35817.12
2023-05-01 08:00:00,1.10033,1.1014,1.09882,1.10133,35219.68
2023-05-01 12:00:00,1.10134,1.10355,1.09661,1.09692,103266.2
2023-05-01 16:00:00,1.09692,1.09756,1.09643,1.09727,37714.93
2023-05-01 20:00:00,1.09727,1.09766,1.09672,1.09687,10553.94
2023-05-02 00:00:00,1.09687,1.09943,1.09685,1.09839,33244.32
2023-05-02 04:00:00,1.0984,1.10066,1.0979,1.09855,64994.19
2023-05-02 08:00:00,1.09855,1.09865,1.0948,1.09676,82176.44
2023-05-02 12:00:00,1.09676,1.09975,1.09422,1.09965,125551.79
2023-05-02 16:00:00,1.09964,1.10078,1.0994,1.10057,37008.94
2023-05-02 20:00:00,1.10057,1.10137,1.09975,1.10107,11518.17
2023-05-03 00:00:00,1.1011,1.10297,1.10048,1.10294,23833.66
2023-05-03 04:00:00,1.10294,1.10411,1.10142,1.10343,47870.78
2023-05-03 08:00:00,1.10344,1.10468,1.10296,1.10395,61043.0
2023-05-03 12:00:00,1.10396,1.10593,1.1022,1.10478,99789.41
2023-05-03 16:00:00,1.10478,1.10916,1.10371,1.10544,146247.3
2023-05-03 20:00:00,1.10544,1.1078,1.10515,1.10685,27764.48
2023-05-04 00:00:00,1.10686,1.10875,1.10686,1.10812,47551.27
2023-05-04 04:00:00,1.10812,1.10917,1.10521,1.10578,69411.35
2023-05-04 08:00:00,1.10578,1.10765,1.10364,1.10743,70887.13
2023-05-04 12:00:00,1.10743,1.10842,1.0986,1.10082,199386.1
2023-05-04 16:00:00,1.10083,1.10315,1.10079,1.10146,52517.22
2023-05-04 20:00:00,1.10145,1.10244,1.10095,1.10229,11979.53
2023-05-05 00:00:00,1.10229,1.10444,1.10188,1.10439,29628.3
2023-05-05 04:00:00,1.10441,1.10477,1.10256,1.10267,56550.14
2023-05-05 08:00:00,1.10268,1.10319,1.10085,1.10093,52852.78
2023-05-05 12:00:00,1.10092,1.10267,1.09667,1.10245,139511.6
2023-05-05 16:00:00,1.10246,1.10365,1.10096,1.10182,47614.81
2023-05-05 20:00:00,1.10183,1.10197,1.10154,1.10162,5658.8
2023-05-07 20:00:00,1.10209,1.10228,1.10141,1.10181,11067.47
2023-05-08 00:00:00,1.10182,1.10399,1.10167,1.1039,33174.18
2023-05-08 04:00:00,1.1039,1.10505,1.10366,1.10492,41070.24
2023-05-08 08:00:00,1.10491,1.10535,1.10227,1.1035,57616.88
2023-05-08 12:00:00,1.10349,1.10442,1.10115,1.10196,71284.83
2023-05-08 16:00:00,1.10197,1.10292,1.10001,1.10017,33049.17
2023-05-08 20:00:00,1.10016,1.10054,1.09953,1.09965,12188.97
2023-05-09 00:00:00,1.09962,1.09974,1.09849,1.09936,31898.15
2023-05-09 04:00:00,1.09939,1.10007,1.09727,1.09779,54967.05
2023-05-09 08:00:00,1.0978,1.09862,1.0959,1.09635,57479.37
2023-05-09 12:00:00,1.09635,1.09671,1.0941,1.09527,81491.54
2023-05-09 16:00:00,1.09527,1.09724,1.09492,1.09627,39660.24
2023-05-09 20:00:00,1.09627,1.09688,1.09468,1.09645,11482.55
2023-05-10 00:00:00,1.09644,1.09772,1.09644,1.09761,23416.23
2023-05-10 04:00:00,1.0976,1.09824,1.09623,1.09646,46848.11
2023-05-10 08:00:00,1.09646,1.09647,1.09458,1.0949,61244.41
2023-05-10 12:00:00,1.09489,1.10068,1.09414,1.09651,135767.74
2023-05-10 16:00:00,1.09652,1.09848,1.09616,1.09824,41794.47
2023-05-10 20:00:00,1.09823,1.0987,1.09794,1.09824,12929.35
2023-05-11 00:00:00,1.09826,1.09981,1.09735,1.09744,37615.16
2023-05-11 04:00:00,1.09744,1.09822,1.09241,1.093,66340.89
2023-05-11 08:00:00,1.093,1.09382,1.0918,1.09315,82003.29
2023-05-11 12:00:00,1.09315,1.09481,1.09,1.09155,134433.99
2023-05-11 16:00:00,1.09155,1.0929,1.09106,1.0917,35999.78
2023-05-11 20:00:00,1.09169,1.09199,1.09115,1.09122,10467.06
2023-05-12 00:00:00,1.09122,1.09252,1.09122,1.09222,28706.63
2023-05-12 04:00:00,1.09221,1.09354,1.09061,1.09076,52219.77
2023-05-12 08:00:00,1.09076,1.09172,1.08891,1.08919,55676.69
2023-05-12 12:00:00,1.08919,1.08973,1.08542,1.08555,92915.01
2023-05-12 16:00:00,1.08553,1.08569,1.08484,1.08517,35672.65
2023-05-12 20:00:00,1.08519,1.08521,1.08476,1.08477,4592.6
2023-05-14 20:00:00,1.0861,1.08618,1.08453,1.08527,7661.46
2023-05-15 00:00:00,1.08526,1.08643,1.0848,1.08599,37776.13
2023-05-15 04:00:00,1.08598,1.08771,1.08572,1.08739,47425.62
2023-05-15 08:00:00,1.08738,1.08805,1.08554,1.08775,51868.47
2023-05-15 12:00:00,1.08775,1.08908,1.08639,1.08732,83412.34
2023-05-15 16:00:00,1.08732,1.08788,1.08676,1.0875,31960.4
2023-05-15 20:00:00,1.08749,1.08772,1.08727,1.08735,14002.86
2023-05-16 00:00:00,1.08736,1.08845,1.08682,1.08824,33484.68
2023-05-16 04:00:00,1.08823,1.08945,1.08628,1.08884,60304.63
2023-05-16 08:00:00,1.08884,1.09046,1.0885,1.08868,62920.1
2023-05-16 12:00:00,1.08871,1.08896,1.0855,1.08645,117329.97
2023-05-16 16:00:00,1.08648,1.0872,1.0858,1.08628,41353.72
2023-05-16 20:00:00,1.08628,1.08655,1.08602,1.08653,12820.91
2023-05-17 00:00:00,1.08653,1.08736,1.08621,1.08654,41124.83
2023-05-17 04:00:00,1.08654,1.08676,1.08312,1.08317,54676.66
2023-05-17 08:00:00,1.08317,1.0848,1.08205,1.08251,69974.82
2023-05-17 12:00:00,1.08249,1.08389,1.08102,1.08292,106605.82
2023-05-17 16:00:00,1.08292,1.0849,1.08289,1.08397,45111.46
2023-05-17 20:00:00,1.08397,1.08444,1.08347,1.08378,10276.34
2023-05-18 00:00:00,1.08377,1.08479,1.08348,1.08398,37151.85
2023-05-18 04:00:00,1.08398,1.08404,1.08091,1.08161,51266.3
2023-05-18 08:00:00,1.08165,1.08221,1.08055,1.0815,62980.96
2023-05-18 12:00:00,1.0815,1.08178,1.07631,1.07752,107976.59
2023-05-18 16:00:00,1.07752,1.07811,1.07624,1.07739,44490.67
2023-05-18 20:00:00,1.0774,1.07767,1.07687,1.07749,11568.29
2023-05-19 00:00:00,1.07749,1.078,1.076,1.07683,46947.59
2023-05-19 04:00:00,1.07683,1.0792,1.07605,1.07774,56231.7
2023-05-19 08:00:00,1.07773,1.08091,1.07709,1.08085,76245.28
2023-05-19 12:00:00,1.08086,1.08265,1.07821,1.08189,119424.18
2023-05-19 16:00:00,1.08189,1.08287,1.07976,1.08059,53909.28
2023-05-19 20:00:00,1.08059,1.08082,1.08012,1.08019,5893.84
2023-05-21 20:00:00,1.08043,1.08241,1.08043,1.08218,8384.09
2023-05-22 00:00:00,1.08219,1.08298,1.08165,1.08208,51058.58
2023-05-22 04:00:00,1.08208,1.08241,1.07955,1.08068,60669.74
2023-05-22 08:00:00,1.08067,1.08294,1.0799,1.08217,64727.38
2023-05-22 12:00:00,1.08216,1.08313,1.07961,1.08051,100172.58
2023-05-22 16:00:00,1.08051,1.08216,1.08028,1.08112,40594.03
2023-05-22 20:00:00,1.08111,1.08147,1.08063,1.08104,19803.19
2023-05-23 00:00:00,1.08105,1.08204,1.08025,1.0808,40259.22
2023-05-23 04:00:00,1.08079,1.08129,1.07852,1.08034,60205.34
2023-05-23 08:00:00,1.08033,1.08079,1.07697,1.07727,61931.08
2023-05-23 12:00:00,1.07731,1.07954,1.07629,1.07707,113340.36
2023-05-23 16:00:00,1.07707,1.07807,1.07601,1.07674,42267.34
2023-05-23 20:00:00,1.07675,1.07735,1.07668,1.07691,12231.7125
2023-05-24 00:00:00,1.0769,1.07797,1.07676,1.07788,38483.9
2023-05-24 04:00:00,1.07787,1.07893,1.07702,1.07838,63254.14
2023-05-24 08:00:00,1.07839,1.07948,1.0748,1.07807,85753.11
2023-05-24 12:00:00,1.07807,1.08012,1.07546,1.07582,112993.2
2023-05-24 16:00:00,1.07584,1.07658,1.07494,1.07494,65713.03
2023-05-24 20:00:00,1.07494,1.07567,1.07421,1.07555,19252.51
2023-05-25 00:00:00,1.07556,1.07556,1.0736,1.07374,40539.52
2023-05-25 04:00:00,1.07374,1.07438,1.0714,1.07208,65585.64
2023-05-25 08:00:00,1.07208,1.0738,1.07196,1.07328,72381.58
2023-05-25 12:00:00,1.07329,1.07402,1.07073,1.07242,118999.03
2023-05-25 16:00:00,1.07242,1.07292,1.07113,1.07206,45071.6
2023-05-25 20:00:00,1.07207,1.07278,1.07207,1.07234,15081.1
2023-05-26 00:00:00,1.07233,1.07385,1.07189,1.07374,37480.58
2023-05-26 04:00:00,1.07373,1.07444,1.07252,1.07404,54875.21
2023-05-26 08:00:00,1.07405,1.07585,1.07255,1.07524,61017.9
2023-05-26 12:00:00,1.07525,1.07572,1.07018,1.0712,135230.34
2023-05-26 16:00:00,1.07119,1.07327,1.07119,1.07296,36216.85
2023-05-26 20:00:00,1.07295,1.07301,1.07218,1.07227,5503.58
2023-05-28 20:00:00,1.07201,1.07292,1.07158,1.07214,11618.83
2023-05-29 00:00:00,1.07214,1.07354,1.07172,1.07303,28781.7
2023-05-29 04:00:00,1.07304,1.07434,1.07245,1.07281,32770.38
2023-05-29 08:00:00,1.07282,1.07292,1.07104,1.07105,33134.44
2023-05-29 12:00:00,1.07106,1.07158,1.07059,1.07138,26492.76
2023-05-29 16:00:00,1.07138,1.07148,1.0709,1.07091,9777.78
2023-05-29 20:00:00,1.07091,1.07128,1.07054,1.07067,9668.66
2023-05-30 00:00:00,1.07067,1.07262,1.07013,1.07065,40106.72
2023-05-30 04:00:00,1.07065,1.07086,1.06725,1.06902,70715.92
2023-05-30 08:00:00,1.06901,1.07446,1.06872,1.0744,82732.71
2023-05-30 12:00:00,1.07439,1.07465,1.07186,1.07215,91864.11
2023-05-30 16:00:00,1.07217,1.07303,1.07141,1.07299,37942.89
2023-05-30 20:00:00,1.07299,1.07356,1.07272,1.07316,9769.92
2023-05-31 00:00:00,1.07316,1.07356,1.06942,1.06977,50442.5
2023-05-31 04:00:00,1.06977,1.07006,1.06699,1.0674,65910.61
2023-05-31 08:00:00,1.06741,1.06872,1.06585,1.06795,51549.49
2023-05-31 12:00:00,1.06797,1.07051,1.06509,1.06525,96801.62
2023-05-31 16:00:00,1.06527,1.0689,1.06352,1.06862,48535.99
2023-05-31 20:00:00,1.06863,1.0697,1.06852,1.06933,17128.41
2023-06-01 00:00:00,1.06934,1.06951,1.06802,1.0687,47765.99
2023-06-01 04:00:00,1.0687,1.06914,1.06617,1.06701,55685.02
2023-06-01 08:00:00,1.067,1.07155,1.06645,1.0706,64009.56
2023-06-01 12:00:00,1.07059,1.07537,1.06845,1.07507,122577.28
2023-06-01 16:00:00,1.07507,1.07684,1.07476,1.07624,35877.16
2023-06-01 20:00:00,1.07625,1.07654,1.07578,1.07604,10410.02
2023-06-02 00:00:00,1.07603,1.0769,1.07581,1.0768,33317.95
2023-06-02 04:00:00,1.0768,1.07789,1.076,1.07618,48867.51
2023-06-02 08:00:00,1.07617,1.0777,1.07575,1.07576,43833.24
2023-06-02 12:00:00,1.07575,1.07709,1.07174,1.07231,130587.1
2023-06-02 16:00:00,1.0723,1.07236,1.07055,1.07077,31996.86
2023-06-02 20:00:00,1.07077,1.07086,1.0705,1.07063,3726.42
2023-06-04 20:00:00,1.07098,1.07107,1.06937,1.06967,12345.9
2023-06-05 00:00:00,1.0697,1.07045,1.06902,1.07025,37901.87
2023-06-05 04:00:00,1.07026,1.07036,1.06832,1.06898,49466.63
2023-06-05 08:00:00,1.06897,1.0699,1.06848,1.06896,46006.16
2023-06-05 12:00:00,1.06895,1.07224,1.06744,1.07207,83565.66
2023-06-05 16:00:00,1.07206,1.07211,1.07072,1.07124,29510.19
2023-06-05 20:00:00,1.07125,1.07142,1.07072,1.07113,8299.77
2023-06-06 00:00:00,1.07112,1.07246,1.07098,1.07159,23826.67
2023-06-06 04:00:00,1.07161,1.07328,1.07071,1.07144,58367.67
2023-06-06 08:00:00,1.07145,1.07149,1.06762,1.06768,61849.26
2023-06-06 12:00:00,1.06771,1.06967,1.06669,1.06942,67705.8
2023-06-06 16:00:00,1.06943,1.06977,1.06822,1.06918,22762.33
2023-06-06 20:00:00,1.06919,1.06991,1.06902,1.06984,7078.42
2023-06-07 00:00:00,1.06985,1.07043,1.06887,1.06927,29958.49
2023-06-07 04:00:00,1.06926,1.06956,1.06682,1.0684,40083.75
2023-06-07 08:00:00,1.06841,1.07229,1.06792,1.07154,49437.25
2023-06-07 12:00:00,1.07153,1.07396,1.0695,1.07009,86871.49
2023-06-07 16:00:00,1.07009,1.07065,1.06909,1.06936,32082.81
2023-06-07 20:00:00,1.06937,1.0707,1.06937,1.07069,11931.17
2023-06-08 00:00:00,1.0707,1.07114,1.07028,1.07082,31268.45
2023-06-08 04:00:00,1.07082,1.0719,1.07009,1.07129,44539.54
2023-06-08 08:00:00,1.07129,1.07393,1.07097,1.07356,45946.69
2023-06-08 12:00:00,1.07357,1.07832,1.07333,1.07788,89611.6
2023-06-08 16:00:00,1.07788,1.07869,1.07736,1.0779,35990.93
2023-06-08 20:00:00,1.07789,1.07851,1.07787,1.07818,8146.07
2023-06-09 00:00:00,1.07819,1.0785,1.07757,1.07777,32178.92
2023-06-09 04:00:00,1.07777,1.07839,1.07674,1.07753,40165.32
2023-06-09 08:00:00,1.07753,1.07816,1.07564,1.07732,42409.56
2023-06-09 12:00:00,1.07732,1.07841,1.07466,1.07479,79490.64
2023-06-09 16:00:00,1.07479,1.07523,1.07428,1.0744,25465.78
2023-06-09 20:00:00,1.07441,1.07496,1.07438,1.07456,4206.34
2023-06-11 20:00:00,1.07459,1.07515,1.07431,1.07499,6871.17
2023-06-12 00:00:00,1.07499,1.07503,1.0733,1.07409,31216.06
2023-06-12 04:00:00,1.07409,1.07722,1.0739,1.07694,41188.97
2023-06-12 08:00:00,1.07694,1.079,1.07614,1.07629,65528.28
2023-06-12 12:00:00,1.07629,1.07714,1.0743,1.0746,75610.29
2023-06-12 16:00:00,1.0746,1.07634,1.07439,1.076,36495.36
2023-06-12 20:00:00,1.07601,1.07641,1.07546,1.07622,11276.74
2023-06-13 00:00:00,1.07621,1.07801,1.07591,1.0779,29900.56
2023-06-13 04:00:00,1.0779,1.08075,1.0776,1.07995,57046.46
2023-06-13 08:00:00,1.07995,1.08104,1.07919,1.07941,48526.6
2023-06-13 12:00:00,1.07941,1.08234,1.07781,1.07911,117956.21
2023-06-13 16:00:00,1.07912,1.08043,1.07828,1.07917,36687.3
2023-06-13 20:00:00,1.07918,1.07931,1.07881,1.07895,10850.16
2023-06-14 00:00:00,1.07896,1.0796,1.07856,1.07899,29129.7
2023-06-14 04:00:00,1.07899,1.07967,1.07739,1.07896,40671.91
2023-06-14 08:00:00,1.07895,1.08099,1.07858,1.08032,41057.05
2023-06-14 12:00:00,1.08033,1.0858,1.08033,1.08577,71123.03
2023-06-14 16:00:00,1.08577,1.0864,1.08013,1.08266,114230.21
2023-06-14 20:00:00,1.08265,1.08428,1.08247,1.08427,10618.98
2023-06-15 00:00:00,1.08427,1.08444,1.08081,1.08132,38945.66
2023-06-15 04:00:00,1.08132,1.08288,1.08036,1.08269,48562.35
2023-06-15 08:00:00,1.08267,1.08487,1.08177,1.08177,50473.7
2023-06-15 12:00:00,1.08178,1.09356,1.08144,1.09326,125959.51
2023-06-15 16:00:00,1.09326,1.09525,1.0932,1.09476,40244.68
2023-06-15 20:00:00,1.09476,1.0951,1.09412,1.09455,13185.79
2023-06-16 00:00:00,1.09455,1.09507,1.09354,1.09381,37702.74
2023-06-16 04:00:00,1.09382,1.09624,1.09339,1.09426,53438.33
2023-06-16 08:00:00,1.09425,1.09658,1.09381,1.09603,52707.33
2023-06-16 12:00:00,1.09602,1.09704,1.09178,1.0924,109723.11
2023-06-16 16:00:00,1.0924,1.09454,1.09239,1.09351,33800.5
2023-06-16 20:00:00,1.09351,1.09426,1.09346,1.09376,4585.18
2023-06-18 20:00:00,1.09302,1.09429,1.09301,1.09397,7841.86
2023-06-19 00:00:00,1.09398,1.09462,1.09335,1.09369,33137.59
2023-06-19 04:00:00,1.09369,1.09412,1.09249,1.09292,52743.62
2023-06-19 08:00:00,1.09292,1.09385,1.0907,1.09211,48039.48
2023-06-19 12:00:00,1.09212,1.09294,1.09121,1.09218,45626.85
2023-06-19 16:00:00,1.09219,1.09261,1.09157,1.09183,10549.9
2023-06-19 20:00:00,1.09184,1.09261,1.09174,1.09235,7095.34
2023-06-20 00:00:00,1.09234,1.09261,1.09106,1.09197,46906.79
2023-06-20 04:00:00,1.09197,1.09461,1.09116,1.09438,63559.33
2023-06-20 08:00:00,1.09436,1.09447,1.09219,1.09287,65067.8
2023-06-20 12:00:00,1.09288,1.09357,1.08921,1.08996,113358.1
2023-06-20 16:00:00,1.08996,1.09175,1.08953,1.09126,43271.21
2023-06-20 20:00:00,1.09126,1.09222,1.09122,1.09198,10860.94
2023-06-21 00:00:00,1.09197,1.0921,1.09117,1.09149,49642.63
2023-06-21 04:00:00,1.09149,1.09197,1.09058,1.09128,59497.5
2023-06-21 08:00:00,1.09127,1.09336,1.09093,1.09242,65333.63
2023-06-21 12:00:00,1.09241,1.09639,1.09081,1.09505,110140.35
2023-06-21 16:00:00,1.09504,1.09899,1.09496,1.09879,53162.68
2023-06-21 20:00:00,1.09878,1.09923,1.0982,1.09915,14780.43
2023-06-22 00:00:00,1.09916,1.09949,1.09866,1.09929,32895.08
2023-06-22 04:00:00,1.09928,1.09999,1.09797,1.09943,52447.34
2023-06-22 08:00:00,1.09943,1.10122,1.09872,1.09892,71599.75
2023-06-22 12:00:00,1.09891,1.10016,1.09522,1.09525,116742.01
2023-06-22 16:00:00,1.09524,1.09616,1.09485,1.0958,44986.28
2023-06-22 20:00:00,1.0958,1.09585,1.09529,1.09554,13611.05
2023-06-23 00:00:00,1.09555,1.09585,1.09321,1.09356,45901.75
2023-06-23 04:00:00,1.09356,1.09368,1.08532,1.08685,71207.58
2023-06-23 08:00:00,1.08688,1.08792,1.08443,1.08761,68155.59
2023-06-23 12:00:00,1.08762,1.09025,1.08761,1.08862,111554.83
2023-06-23 16:00:00,1.08862,1.08962,1.08827,1.0891,38214.11
2023-06-23 20:00:00,1.0891,1.08962,1.089,1.08905,5777.62
2023-06-25 20:00:00,1.09042,1.0907,1.08978,1.09062,15091.85
2023-06-26 00:00:00,1.09064,1.09097,1.08988,1.0906,49569.93
2023-06-26 04:00:00,1.09061,1.09109,1.08955,1.09021,54369.36
2023-06-26 08:00:00,1.09021,1.09179,1.08873,1.09177,56298.34
2023-06-26 12:00:00,1.09176,1.092,1.09026,1.09093,61379.27
2023-06-26 16:00:00,1.09092,1.09152,1.08999,1.09061,33097.06
2023-06-26 20:00:00,1.0906,1.09119,1.0904,1.09099,11148.0
2023-06-27 00:00:00,1.09097,1.0935,1.09021,1.09266,46951.89
2023-06-27 04:00:00,1.09265,1.09414,1.09161,1.09394,52540.53
2023-06-27 08:00:00,1.09393,1.09528,1.0926,1.09444,66183.86
2023-06-27 12:00:00,1.09445,1.09766,1.09422,1.09598,111099.74
2023-06-27 16:00:00,1.09598,1.09655,1.0955,1.09625,42919.51
2023-06-27 20:00:00,1.09625,1.09632,1.09546,1.09575,14248.45
2023-06-28 00:00:00,1.09574,1.09614,1.09421,1.09508,52506.68
2023-06-28 04:00:00,1.09508,1.09568,1.0936,1.09525,52404.16
2023-06-28 08:00:00,1.09525,1.09621,1.09375,1.09403,68307.68
2023-06-28 12:00:00,1.09405,1.09445,1.08968,1.09034,116247.32
2023-06-28 16:00:00,1.09033,1.09238,1.09029,1.09159,45949.32
2023-06-28 20:00:00,1.0916,1.09187,1.09111,1.09151,10188.53
2023-06-29 00:00:00,1.09151,1.09161,1.08905,1.08929,45532.8
2023-06-29 04:00:00,1.08929,1.09206,1.08807,1.09165,64276.91
2023-06-29 08:00:00,1.09164,1.09397,1.09104,1.09385,47705.73
2023-06-29 12:00:00,1.09384,1.09414,1.08601,1.08804,134090.49
2023-06-29 16:00:00,1.08803,1.08836,1.08655,1.08692,41342.31
2023-06-29 20:00:00,1.08691,1.08695,1.0861,1.08673,13014.81
2023-06-30 00:00:00,1.08673,1.08754,1.08602,1.08713,45698.76
2023-06-30 04:00:00,1.08713,1.08754,1.08533,1.08563,57189.85
2023-06-30 08:00:00,1.08562,1.08592,1.08352,1.08535,63515.31
2023-06-30 12:00:00,1.08537,1.09317,1.08531,1.0919,138920.41
2023-06-30 16:00:00,1.09192,1.09228,1.09092,1.09129,50668.37
2023-06-30 20:00:00,1.0913,1.09131,1.09079,1.09095,5735.03
2023-07-02 20:00:00,1.09094,1.0913,1.09064,1.09075,8639.25
2023-07-03 00:00:00,1.09075,1.09176,1.09004,1.09127,45226.91
2023-07-03 04:00:00,1.09127,1.09181,1.08702,1.08749,60088.97
2023-07-03 08:00:00,1.08748,1.09047,1.0873,1.08991,52579.46
2023-07-03 12:00:00,1.08989,1.09339,1.08937,1.09181,95061.8
2023-07-03 16:00:00,1.09181,1.09212,1.09083,1.09092,22541.19
2023-07-03 20:00:00,1.09092,1.09153,1.09088,1.09128,6767.89
2023-07-04 00:00:00,1.09127,1.09163,1.09024,1.09044,24442.66
2023-07-04 04:00:00,1.09046,1.09146,1.08939,1.09027,43976.74
2023-07-04 08:00:00,1.09028,1.09045,1.08897,1.08982,38226.58
2023-07-04 12:00:00,1.08982,1.09074,1.08936,1.0901,36115.4
2023-07-04 16:00:00,1.09009,1.09012,1.08809,1.08832,13701.03
2023-07-04 20:00:00,1.08833,1.08835,1.08768,1.08824,7977.71
2023-07-05 00:00:00,1.08827,1.08908,1.0875,1.08773,31019.99
2023-07-05 04:00:00,1.08774,1.09078,1.08677,1.08865,55151.44
2023-07-05 08:00:00,1.08865,1.08956,1.08662,1.0879,63101.05
2023-07-05 12:00:00,1.0879,1.09019,1.08649,1.0867,81832.08
2023-07-05 16:00:00,1.0867,1.0867,1.08509,1.0855,47323.32
2023-07-05 20:00:00,1.08548,1.08571,1.0852,1.08551,9591.71
2023-07-06 00:00:00,1.08554,1.08559,1.08399,1.084,38322.72
2023-07-06 04:00:00,1.08401,1.08753,1.08337,1.08556,64916.82
2023-07-06 08:00:00,1.08555,1.08977,1.08454,1.08952,81163.4
2023-07-06 12:00:00,1.08951,1.09006,1.08338,1.08722,162537.01
2023-07-06 16:00:00,1.08723,1.08888,1.08708,1.08883,43779.2
2023-07-06 20:00:00,1.08883,1.08949,1.08832,1.08896,8898.35
2023-07-07 00:00:00,1.08895,1.08915,1.08823,1.08878,32333.36
2023-07-07 04:00:00,1.08876,1.09002,1.08717,1.08759,52989.09
2023-07-07 08:00:00,1.08758,1.0897,1.08669,1.08875,67354.25
2023-07-07 12:00:00,1.08878,1.09634,1.08744,1.09629,152818.77
2023-07-07 16:00:00,1.0963,1.09731,1.09629,1.09667,46795.11
2023-07-07 20:00:00,1.09666,1.09693,1.09646,1.09646,4715.09
2023-07-09 20:00:00,1.09593,1.09697,1.09563,1.09669,12034.1
2023-07-10 00:00:00,1.0967,1.09695,1.09528,1.09559,46219.06
2023-07-10 04:00:00,1.0956,1.09655,1.0945,1.09544,55763.13
2023-07-10 08:00:00,1.09544,1.09733,1.09527,1.09538,57692.15
2023-07-10 12:00:00,1.09541,1.09927,1.09434,1.099,90720.4
2023-07-10 16:00:00,1.09899,1.10003,1.09825,1.0998,45879.65
2023-07-10 20:00:00,1.09982,1.10058,1.09968,1.10052,10078.53
2023-07-11 00:00:00,1.10053,1.102,1.10014,1.10173,44464.62
2023-07-11 04:00:00,1.10173,1.10269,1.10061,1.1008,73271.86
2023-07-11 08:00:00,1.1008,1.10155,1.0983,1.09837,59071.68
2023-07-11 12:00:00,1.09836,1.09946,1.09768,1.09917,81775.26
2023-07-11 16:00:00,1.09916,1.1009,1.09909,1.10062,34891.86
2023-07-11 20:00:00,1.10062,1.10143,1.10049,1.10136,10806.9
2023-07-12 00:00:00,1.10137,1.10334,1.10119,1.10295,47137.98
2023-07-12 04:00:00,1.10295,1.10368,1.10206,1.10272,53963.89
2023-07-12 08:00:00,1.10271,1.10304,1.10136,1.10147,52531.14
2023-07-12 12:00:00,1.10149,1.11253,1.10148,1.1122,145007.19
2023-07-12 16:00:00,1.1122,1.11403,1.11202,1.1137,57529.78
2023-07-12 20:00:00,1.1137,1.11405,1.11268,1.11405,12201.05
2023-07-13 00:00:00,1.11406,1.11486,1.11363,1.11456,41060.84
2023-07-13 04:00:00,1.11456,1.11577,1.11298,1.11553,67422.97
2023-07-13 08:00:00,1.11553,1.11778,1.11502,1.11742,62082.19
2023-07-13 12:00:00,1.11742,1.11965,1.11615,1.11927,121439.87
2023-07-13 16:00:00,1.11928,1.1227,1.11917,1.12263,50069.96
2023-07-13 20:00:00,1.12262,1.12296,1.12168,1.12234,14570.12
2023-07-14 00:00:00,1.12235,1.12429,1.12134,1.12413,62525.56
2023-07-14 04:00:00,1.12413,1.12413,1.12041,1.12214,66654.72
2023-07-14 08:00:00,1.12213,1.12448,1.12154,1.12242,59466.58
2023-07-14 12:00:00,1.12243,1.12442,1.12101,1.12355,99579.69
2023-07-14 16:00:00,1.12356,1.1243,1.12258,1.12259,39938.38
2023-07-14 20:00:00,1.12258,1.12294,1.12231,1.12235,5876.82
2023-07-16 20:00:00,1.12284,1.1234,1.12232,1.12273,9704.02
2023-07-17 00:00:00,1.12271,1.12296,1.12147,1.12264,30993.06
2023-07-17 04:00:00,1.12263,1.1245,1.1222,1.12447,36467.51
2023-07-17 08:00:00,1.12448,1.12487,1.12291,1.1234,41575.91
2023-07-17 12:00:00,1.12338,1.12378,1.12033,1.1235,74815.74
2023-07-17 16:00:00,1.12349,1.1246,1.12299,1.12436,23466.72
2023-07-17 20:00:00,1.12438,1.12438,1.12326,1.12373,9472.16
2023-07-18 00:00:00,1.12374,1.12559,1.12345,1.12537,41438.97
2023-07-18 04:00:00,1.12539,1.12756,1.12403,1.12537,55645.82
2023-07-18 08:00:00,1.12538,1.12599,1.12279,1.12532,58640.85
2023-07-18 12:00:00,1.12533,1.12699,1.12167,1.12224,146154.17
2023-07-18 16:00:00,1.12225,1.12309,1.12089,1.12301,34144.04
2023-07-18 20:00:00,1.12302,1.12327,1.12251,1.12281,13538.53
2023-07-19 00:00:00,1.12282,1.12327,1.12161,1.12261,39482.64
2023-07-19 04:00:00,1.12262,1.12372,1.11959,1.12269,75842.79
2023-07-19 08:00:00,1.12269,1.124,1.12099,1.12131,68036.57
2023-07-19 12:00:00,1.12131,1.12246,1.11742,1.11937,95893.77
2023-07-19 16:00:00,1.11939,1.12049,1.118,1.12037,42511.99
2023-07-19 20:00:00,1.12036,1.12051,1.11961,1.12049,12704.78
2023-07-20 00:00:00,1.12048,1.12291,1.12037,1.12258,41775.62
2023-07-20 04:00:00,1.12259,1.12267,1.1198,1.12054,46641.95
2023-07-20 08:00:00,1.12053,1.12166,1.11987,1.12069,54758.83
2023-07-20 12:00:00,1.12069,1.12069,1.1132,1.11348,119349.86
2023-07-20 16:00:00,1.11349,1.11386,1.11184,1.11318,39566.84
2023-07-20 20:00:00,1.11319,1.1138,1.11282,1.11344,10186.33
2023-07-21 00:00:00,1.11345,1.11417,1.11296,1.1136,37315.42
2023-07-21 04:00:00,1.11361,1.11449,1.11248,1.11278,53583.31
2023-07-21 08:00:00,1.11276,1.11376,1.11173,1.11182,65869.6
2023-07-21 12:00:00,1.11183,1.11379,1.11079,1.11195,83242.65
2023-07-21 16:00:00,1.11195,1.11302,1.11155,1.11254,22930.53
2023-07-21 20:00:00,1.11256,1.11291,1.11236,1.11244,3437.85
2023-07-23 20:00:00,1.11197,1.11321,1.11197,1.11243,6832.94
2023-07-24 00:00:00,1.11244,1.11327,1.11194,1.11255,35219.36
2023-07-24 04:00:00,1.11254,1.11469,1.10746,1.1081,65699.61
2023-07-24 08:00:00,1.10811,1.11091,1.10657,1.10972,76803.87
2023-07-24 12:00:00,1.10973,1.11045,1.10691,1.1082,98443.48
2023-07-24 16:00:00,1.10823,1.10844,1.10602,1.10602,40340.09
2023-07-24 20:00:00,1.10602,1.10674,1.10597,1.1063,11864.48
2023-07-25 00:00:00,1.1063,1.10815,1.10627,1.10782,42206.73
2023-07-25 04:00:00,1.10782,1.10868,1.10687,1.1071,49318.23
2023-07-25 08:00:00,1.10712,1.10712,1.10393,1.10493,64082.88
2023-07-25 12:00:00,1.10492,1.10533,1.10207,1.1049,97205.65
2023-07-25 16:00:00,1.10491,1.10546,1.10354,1.10521,37819.19
2023-07-25 20:00:00,1.10521,1.10577,1.10485,1.10499,14684.3
2023-07-26 00:00:00,1.105,1.1053,1.10377,1.10493,41379.91
2023-07-26 04:00:00,1.10492,1.10748,1.10462,1.10693,48922.87
2023-07-26 08:00:00,1.10692,1.10861,1.10598,1.10627,52361.33
2023-07-26 12:00:00,1.10627,1.10796,1.10573,1.10767,85316.76
2023-07-26 16:00:00,1.10767,1.11066,1.10564,1.10963,118310.32
2023-07-26 20:00:00,1.10963,1.10965,1.10778,1.10779,12406.18
2023-07-27 00:00:00,1.10778,1.11178,1.10774,1.11002,43645.78
2023-07-27 04:00:00,1.11002,1.1134,1.10879,1.11284,65646.43
2023-07-27 08:00:00,1.11284,1.11496,1.11243,1.11385,62240.53
2023-07-27 12:00:00,1.11384,1.11389,1.09839,1.09969,205979.32
2023-07-27 16:00:00,1.0997,1.10105,1.09658,1.09669,87111.0
2023-07-27 20:00:00,1.09669,1.09835,1.09662,1.09781,14448.72
2023-07-28 00:00:00,1.0978,1.09882,1.09714,1.09765,64999.26
2023-07-28 04:00:00,1.09766,1.09911,1.09435,1.09515,124097.06
2023-07-28 08:00:00,1.09518,1.10181,1.09477,1.10092,71297.69
2023-07-28 12:00:00,1.10091,1.10475,1.09931,1.10383,121727.91
2023-07-28 16:00:00,1.10382,1.1043,1.10151,1.1023,41768.28
2023-07-28 20:00:00,1.10229,1.10235,1.10123,1.10125,6301.87
2023-07-30 20:00:00,1.10206,1.10282,1.10095,1.10238,8122.86
2023-07-31 00:00:00,1.10239,1.10277,1.10091,1.10123,45344.59
2023-07-31 04:00:00,1.10124,1.10288,1.10051,1.10196,59182.61
2023-07-31 08:00:00,1.10198,1.10401,1.10113,1.10268,60707.36
2023-07-31 12:00:00,1.1027,1.10458,1.10122,1.10182,88866.78
2023-07-31 16:00:00,1.10183,1.10201,1.09937,1.09953,36806.59
2023-07-31 20:00:00,1.09953,1.10028,1.09931,1.09966,11780.94
2023-08-01 00:00:00,1.09967,1.10015,1.09803,1.09855,34179.95
2023-08-01 04:00:00,1.09854,1.10002,1.097,1.09796,57524.17
2023-08-01 08:00:00,1.09796,1.09866,1.09658,1.09755,55563.52
2023-08-01 12:00:00,1.09755,1.09892,1.09523,1.09702,108619.56
2023-08-01 16:00:00,1.09703,1.0985,1.09626,1.09826,26401.26
2023-08-01 20:00:00,1.0982,1.10192,1.09805,1.10075,26653.89
2023-08-02 00:00:00,1.10078,1.1008,1.09802,1.09868,45482.86
2023-08-02 04:00:00,1.09869,1.10006,1.09813,1.09899,66291.25
2023-08-02 08:00:00,1.09902,1.09927,1.09682,1.09784,68274.94
2023-08-02 12:00:00,1.09783,1.09871,1.09178,1.09381,128802.71
2023-08-02 16:00:00,1.09382,1.09575,1.09346,1.09396,49700.02
2023-08-02 20:00:00,1.09394,1.09456,1.09354,1.09435,13726.88
2023-08-03 00:00:00,1.09433,1.09492,1.09303,1.09347,38211.72
2023-08-03 04:00:00,1.09347,1.09432,1.09138,1.0919,73389.03
2023-08-03 08:00:00,1.09189,1.09487,1.09122,1.0935,85171.91
2023-08-03 12:00:00,1.09349,1.09561,1.09155,1.09466,148531.28
2023-08-03 16:00:00,1.09465,1.09628,1.09383,1.0944,37413.09
2023-08-03 20:00:00,1.09437,1.09533,1.09436,1.0951,14806.64
2023-08-04 00:00:00,1.09509,1.09615,1.09464,1.09542,39215.79
2023-08-04 04:00:00,1.09543,1.09583,1.09441,1.09473,52441.55
2023-08-04 08:00:00,1.09474,1.09527,1.09351,1.09378,52302.2
2023-08-04 12:00:00,1.09378,1.10419,1.09349,1.10348,155616.64
2023-08-04 16:00:00,1.10347,1.10393,1.10037,1.10076,42894.54
2023-08-04 20:00:00,1.1007,1.10115,1.10029,1.10029,6723.82
2023-08-06 20:00:00,1.10141,1.10151,1.1001,1.10024,12282.99
2023-08-07 00:00:00,1.10024,1.10117,1.09951,1.09955,32119.9
2023-08-07 04:00:00,1.09955,1.09973,1.09708,1.09927,41874.34
2023-08-07 08:00:00,1.09926,1.09926,1.09654,1.09839,46228.57
2023-08-07 12:00:00,1.09841,1.10116,1.09795,1.09989,63807.07
2023-08-07 16:00:00,1.09989,1.10101,1.09921,1.10044,33859.4
2023-08-07 20:00:00,1.10044,1.1005,1.0999,1.10026,11265.02
2023-08-08 00:00:00,1.10026,1.10054,1.09768,1.09818,47326.88
2023-08-08 04:00:00,1.09817,1.10111,1.09736,1.09787,62309.91
2023-08-08 08:00:00,1.09789,1.09872,1.09368,1.09413,65070.72
2023-08-08 12:00:00,1.09412,1.0956,1.0929,1.09501,82610.65
2023-08-08 16:00:00,1.09502,1.09619,1.09476,1.09571,40387.54
2023-08-08 20:00:00,1.09571,1.09594,1.09519,1.09592,10863.02
2023-08-09 00:00:00,1.09592,1.09707,1.09552,1.09665,37521.88
2023-08-09 04:00:00,1.09665,1.09847,1.09633,1.09842,47736.43
2023-08-09 08:00:00,1.09841,1.09887,1.09692,1.09698,48087.9
2023-08-09 12:00:00,1.09699,1.09953,1.0962,1.09742,88813.85
2023-08-09 16:00:00,1.09742,1.09916,1.09732,1.09735,40716.89
2023-08-09 20:00:00,1.09733,1.09786,1.09712,1.09771,12793.67
2023-08-10 00:00:00,1.09771,1.09819,1.09673,1.09791,28915.96
2023-08-10 04:00:00,1.09791,1.10186,1.09785,1.10083,50788.52
2023-08-10 08:00:00,1.10083,1.10296,1.10081,1.10165,47577.6
2023-08-10 12:00:00,1.10166,1.1065,1.10076,1.10151,150837.24
2023-08-10 16:00:00,1.10152,1.10191,1.09761,1.09791,68275.7
2023-08-10 20:00:00,1.09791,1.09845,1.09777,1.09815,11784.67
2023-08-11 00:00:00,1.09815,1.09979,1.09797,1.09872,32289.5
2023-08-11 04:00:00,1.09872,1.1002,1.09838,1.09922,45092.66
2023-08-11 08:00:00,1.09923,1.10031,1.09763,1.09973,57725.57
2023-08-11 12:00:00,1.09971,1.10049,1.0951,1.09561,125280.55
2023-08-11 16:00:00,1.09563,1.09646,1.09429,1.09468,30300.55
2023-08-11 20:00:00,1.09468,1.09491,1.09433,1.09433,4348.34
2023-08-13 20:00:00,1.09493,1.09517,1.09401,1.09432,6858.71
2023-08-14 00:00:00,1.09431,1.09467,1.09292,1.09321,33718.35
2023-08-14 04:00:00,1.09321,1.09561,1.09261,1.09519,50656.51
2023-08-14 08:00:00,1.09518,1.096,1.09367,1.0939,51344.85
2023-08-14 12:00:00,1.09389,1.09409,1.08747,1.09206,108970.56
2023-08-14 16:00:00,1.09205,1.09359,1.09028,1.09028,44060.5
2023-08-14 20:00:00,1.09028,1.09082,1.0902,1.09077,12476.69
2023-08-15 00:00:00,1.09076,1.09175,1.09003,1.09143,35206.31
2023-08-15 04:00:00,1.09145,1.09304,1.09062,1.09234,49506.95
2023-08-15 08:00:00,1.09233,1.09448,1.09178,1.09291,68748.8
2023-08-15 12:00:00,1.09293,1.09524,1.08969,1.09268,140506.3
2023-08-15 16:00:00,1.09269,1.09284,1.0899,1.09058,35497.22
2023-08-15 20:00:00,1.09059,1.09063,1.09011,1.09038,9301.88
2023-08-16 00:00:00,1.09038,1.09117,1.08989,1.09064,37488.63
2023-08-16 04:00:00,1.09064,1.09271,1.09059,1.09234,53507.46
2023-08-16 08:00:00,1.09233,1.09345,1.09064,1.09131,47157.31
2023-08-16 12:00:00,1.0913,1.09233,1.08961,1.09028,113453.19
2023-08-16 16:00:00,1.09027,1.09047,1.08714,1.08743,48337.37
2023-08-16 20:00:00,1.08743,1.08832,1.08733,1.08743,6168.45
2023-08-17 00:00:00,1.08744,1.08749,1.08618,1.08642,17504.67
2023-08-17 04:00:00,1.08642,1.08866,1.08626,1.08804,24457.74
2023-08-17 08:00:00,1.08802,1.08956,1.08636,1.08945,41200.34
2023-08-17 12:00:00,1.08945,1.0918,1.08668,1.08735,110999.6
2023-08-17 16:00:00,1.08737,1.08895,1.08563,1.08717,44247.33
2023-08-17 20:00:00,1.08716,1.08755,1.08664,1.08743,9286.72
2023-08-18 00:00:00,1.08742,1.08938,1.08717,1.08859,37291.64
2023-08-18 04:00:00,1.08861,1.08879,1.08644,1.0873,49290.51
2023-08-18 08:00:00,1.0873,1.08768,1.08601,1.08629,48510.25
2023-08-18 12:00:00,1.0863,1.08813,1.0845,1.08743,103045.47
2023-08-18 16:00:00,1.08742,1.08811,1.08679,1.08725,35617.13
2023-08-18 20:00:00,1.08724,1.08736,1.08678,1.08678,7613.69
2023-08-20 20:00:00,1.08672,1.08785,1.08664,1.08749,7350.95
2023-08-21 00:00:00,1.08747,1.08841,1.08695,1.08803,26792.43
2023-08-21 04:00:00,1.08804,1.08888,1.08723,1.08885,46703.53
2023-08-21 08:00:00,1.08885,1.09136,1.08822,1.09094,51621.17
2023-08-21 12:00:00,1.0909,1.0913,1.08753,1.08877,78854.3
2023-08-21 16:00:00,1.08877,1.09042,1.08874,1.08961,35228.91
2023-08-21 20:00:00,1.08961,1.09015,1.08924,1.08975,7057.37
2023-08-22 00:00:00,1.08974,1.09158,1.08932,1.0915,31842.31
2023-08-22 04:00:00,1.09149,1.09303,1.09046,1.09255,43968.4
2023-08-22 08:00:00,1.09255,1.09285,1.08805,1.08847,42194.34
2023-08-22 12:00:00,1.08849,1.08906,1.08329,1.08455,84403.31
2023-08-22 16:00:00,1.08455,1.08553,1.08434,1.08457,28884.72
2023-08-22 20:00:00,1.08456,1.08489,1.08443,1.08464,7450.38
2023-08-23 00:00:00,1.08465,1.08596,1.08446,1.08574,28315.16
2023-08-23 04:00:00,1.08574,1.08713,1.08118,1.08179,54407.96
2023-08-23 08:00:00,1.08178,1.08303,1.0804,1.08111,63602.99
2023-08-23 12:00:00,1.08111,1.08627,1.08025,1.08613,105209.07
2023-08-23 16:00:00,1.08612,1.087,1.08558,1.08638,36766.74
2023-08-23 20:00:00,1.08637,1.08672,1.08609,1.08654,13713.57
2023-08-24 00:00:00,1.08655,1.0875,1.08583,1.08657,31816.69
2023-08-24 04:00:00,1.08658,1.08764,1.08519,1.08562,41251.55
2023-08-24 08:00:00,1.08561,1.08643,1.08416,1.08421,42178.37
2023-08-24 12:00:00,1.08423,1.08486,1.08142,1.08255,96902.67
2023-08-24 16:00:00,1.08254,1.08277,1.08056,1.08058,34865.36
2023-08-24 20:00:00,1.08057,1.08159,1.07928,1.0799,12012.36
2023-08-25 00:00:00,1.07989,1.0804,1.07799,1.07804,24813.51
2023-08-25 04:00:00,1.07804,1.0792,1.07683,1.07712,35721.82
2023-08-25 08:00:00,1.07711,1.08113,1.07661,1.08028,39182.93
2023-08-25 12:00:00,1.08027,1.08417,1.07658,1.07862,130446.43
2023-08-25 16:00:00,1.07866,1.08125,1.07856,1.08028,43583.35
2023-08-25 20:00:00,1.08029,1.08031,1.07906,1.07906,5438.64
2023-08-27 20:00:00,1.07957,1.0801,1.07933,1.07968,8922.97
2023-08-28 00:00:00,1.07969,1.08101,1.07961,1.08094,24073.21
2023-08-28 04:00:00,1.08093,1.08208,1.08052,1.08087,28579.61
2023-08-28 08:00:00,1.08085,1.08221,1.07993,1.08043,36779.76
2023-08-28 12:00:00,1.08045,1.08141,1.07989,1.0809,62706.13
2023-08-28 16:00:00,1.08089,1.08198,1.08039,1.08179,26466.41
2023-08-28 20:00:00,1.08179,1.08298,1.0814,1.08255,9343.52
2023-08-29 00:00:00,1.08255,1.08382,1.08213,1.08362,23606.61
2023-08-29 04:00:00,1.08362,1.08363,1.08083,1.08204,32532.48
2023-08-29 08:00:00,1.08205,1.08227,1.08037,1.08041,43440.2
2023-08-29 12:00:00,1.08042,1.08569,1.07822,1.085,115729.59
2023-08-29 16:00:00,1.08499,1.08919,1.08466,1.08852,48808.31
2023-08-29 20:00:00,1.08852,1.08854,1.08686,1.08691,12015.47
2023-08-30 00:00:00,1.08691,1.08721,1.08636,1.08691,31435.12
2023-08-30 04:00:00,1.0869,1.08766,1.08556,1.08647,47353.22
2023-08-30 08:00:00,1.08644,1.08935,1.08551,1.08787,50975.84
2023-08-30 12:00:00,1.08788,1.09454,1.08746,1.09258,121424.92
2023-08-30 16:00:00,1.09256,1.09328,1.09168,1.09216,42912.91
2023-08-30 20:00:00,1.09217,1.09315,1.0919,1.09294,12887.61
2023-08-31 00:00:00,1.09292,1.09394,1.092,1.09204,25910.66
2023-08-31 04:00:00,1.09205,1.09244,1.08899,1.08925,46547.68
2023-08-31 08:00:00,1.08925,1.08931,1.08575,1.08682,57141.22
2023-08-31 12:00:00,1.08683,1.08849,1.08366,1.08386,98419.92
2023-08-31 16:00:00,1.08385,1.08541,1.08351,1.08436,38352.7
2023-08-31 20:00:00,1.08437,1.0847,1.08347,1.08424,10686.81
2023-09-01 00:00:00,1.08422,1.08541,1.08363,1.08417,24804.74
2023-09-01 04:00:00,1.08416,1.08595,1.08284,1.08558,40016.66
2023-09-01 08:00:00,1.0856,1.08563,1.08331,1.08331,38152.06
2023-09-01 12:00:00,1.08332,1.08819,1.07863,1.07865,159046.35
2023-09-01 16:00:00,1.07865,1.0789,1.07722,1.07749,24650.05
2023-09-01 20:00:00,1.07749,1.07773,1.07716,1.07717,4052.74
2023-09-03 20:00:00,1.07748,1.07815,1.07716,1.07756,5037.46
2023-09-04 00:00:00,1.07758,1.07872,1.07731,1.07857,21176.71
2023-09-04 04:00:00,1.07857,1.08068,1.07811,1.07952,35383.83
2023-09-04 08:00:00,1.07952,1.08087,1.07907,1.08001,30705.39
2023-09-04 12:00:00,1.08002,1.08053,1.07832,1.07988,27184.58
2023-09-04 16:00:00,1.07988,1.08,1.07922,1.07938,5662.75
2023-09-04 20:00:00,1.0794,1.07977,1.07897,1.07913,5057.26
2023-09-05 00:00:00,1.07912,1.07982,1.07807,1.07884,21552.63
2023-09-05 04:00:00,1.07884,1.07938,1.07544,1.07564,53342.96
2023-09-05 08:00:00,1.07563,1.07587,1.07292,1.07325,59015.21
2023-09-05 12:00:00,1.07325,1.07486,1.07062,1.07265,113079.34
2023-09-05 16:00:00,1.07265,1.0732,1.07193,1.07213,27890.86
2023-09-05 20:00:00,1.07213,1.0728,1.0719,1.07244,10095.08
2023-09-06 00:00:00,1.07246,1.07343,1.07131,1.07332,27871.01
2023-09-06 04:00:00,1.07331,1.0748,1.07242,1.07291,50055.15
2023-09-06 08:00:00,1.0729,1.07488,1.07231,1.07439,46393.5
2023-09-06 12:00:00,1.07438,1.07454,1.07025,1.0713,112082.25
2023-09-06 16:00:00,1.07129,1.07295,1.07112,1.07261,28125.99
2023-09-06 20:00:00,1.07266,1.0728,1.07214,1.07238,7787.29
2023-09-07 00:00:00,1.07238,1.07317,1.0719,1.07297,18219.67
2023-09-07 04:00:00,1.07295,1.07302,1.07081,1.07155,45026.21
2023-09-07 08:00:00,1.07155,1.07177,1.0703,1.07053,45218.65
2023-09-07 12:00:00,1.07052,1.07107,1.06861,1.07032,81131.52
2023-09-07 16:00:00,1.07032,1.07096,1.06937,1.06949,25005.64
2023-09-07 20:00:00,1.06949,1.06986,1.06941,1.06973,5989.85
2023-09-08 00:00:00,1.06975,1.07232,1.06971,1.07164,31818.07
2023-09-08 04:00:00,1.07165,1.07279,1.07076,1.07086,44312.23
2023-09-08 08:00:00,1.07087,1.07174,1.06941,1.0699,50674.18
2023-09-08 12:00:00,1.0699,1.07438,1.06977,1.07087,81631.34
2023-09-08 16:00:00,1.07088,1.07134,1.06969,1.06992,35638.54
2023-09-08 20:00:00,1.06992,1.0703,1.06974,1.06974,5922.1
2023-09-10 20:00:00,1.07147,1.07204,1.07075,1.07162,10922.38
2023-09-11 00:00:00,1.07165,1.0728,1.07099,1.07225,31146.97
2023-09-11 04:00:00,1.07226,1.07412,1.07216,1.07258,46618.71
2023-09-11 08:00:00,1.07258,1.07343,1.07183,1.07197,42392.36
2023-09-11 12:00:00,1.07197,1.07593,1.07154,1.07425,70427.17
2023-09-11 16:00:00,1.07426,1.07578,1.07426,1.07489,23028.68
2023-09-11 20:00:00,1.07489,1.07533,1.07414,1.07476,8387.34
2023-09-12 00:00:00,1.07476,1.07692,1.07375,1.07463,31569.41
2023-09-12 04:00:00,1.07462,1.07464,1.07121,1.07135,44870.29
2023-09-12 08:00:00,1.07135,1.07259,1.07085,1.07181,48468.69
2023-09-12 12:00:00,1.07181,1.073,1.07055,1.07253,58750.51
2023-09-12 16:00:00,1.07256,1.07375,1.07215,1.07281,27900.43
2023-09-12 20:00:00,1.07281,1.07648,1.07276,1.07531,12818.41
2023-09-13 00:00:00,1.0753,1.07648,1.07446,1.07471,28999.56
2023-09-13 04:00:00,1.07472,1.07545,1.0731,1.07437,46364.29
2023-09-13 08:00:00,1.07436,1.07447,1.07285,1.07366,46074.32
2023-09-13 12:00:00,1.07364,1.07614,1.0711,1.07356,136191.96
2023-09-13 16:00:00,1.07357,1.07491,1.07278,1.07318,35582.86
2023-09-13 20:00:00,1.07318,1.07346,1.07281,1.07327,10048.86
2023-09-14 00:00:00,1.07327,1.07464,1.07301,1.07445,30634.3
2023-09-14 04:00:00,1.07446,1.07521,1.0733,1.07336,33550.46
2023-09-14 08:00:00,1.07336,1.074,1.07245,1.07303,40656.95
2023-09-14 12:00:00,1.07302,1.07476,1.06539,1.06587,161655.31
2023-09-14 16:00:00,1.06588,1.0663,1.06318,1.06426,43548.21
2023-09-14 20:00:00,1.06425,1.06468,1.06349,1.0635,9632.97
2023-09-15 00:00:00,1.06349,1.06483,1.06332,1.06474,30482.73
2023-09-15 04:00:00,1.06476,1.06674,1.06443,1.06635,44371.26
2023-09-15 08:00:00,1.06635,1.06692,1.06529,1.06546,35016.7
2023-09-15 12:00:00,1.06547,1.06877,1.06451,1.06721,105537.98
2023-09-15 16:00:00,1.06724,1.06802,1.06596,1.06598,28944.19
2023-09-15 20:00:00,1.06598,1.06628,1.06561,1.06576,9034.03
2023-09-17 20:00:00,1.06588,1.0669,1.06578,1.06679,5661.08
2023-09-18 00:00:00,1.0668,1.06736,1.06609,1.06641,23283.18
2023-09-18 04:00:00,1.06641,1.06777,1.06578,1.06621,31528.5
2023-09-18 08:00:00,1.06621,1.06747,1.06562,1.06631,33072.6
2023-09-18 12:00:00,1.06631,1.06986,1.06546,1.0694,61893.42
2023-09-18 16:00:00,1.0694,1.0698,1.06778,1.06866,33511.16
2023-09-18 20:00:00,1.06865,1.06937,1.0685,1.06919,9316.97
2023-09-19 00:00:00,1.06918,1.06965,1.06807,1.06826,18431.93
2023-09-19 04:00:00,1.06826,1.06952,1.0675,1.06942,33030.37
2023-09-19 08:00:00,1.06941,1.07097,1.06819,1.07087,41173.9
2023-09-19 12:00:00,1.07086,1.0718,1.068,1.06831,68052.92
2023-09-19 16:00:00,1.06831,1.06917,1.06761,1.06805,24050.95
2023-09-19 20:00:00,1.06806,1.06834,1.06746,1.06813,8651.02
2023-09-20 00:00:00,1.06814,1.06897,1.06781,1.06795,22274.27
2023-09-20 04:00:00,1.06794,1.0693,1.06729,1.06903,44534.99
2023-09-20 08:00:00,1.06904,1.07049,1.06897,1.07015,33881.29
2023-09-20 12:00:00,1.07014,1.07271,1.06921,1.07142,55875.78
2023-09-20 16:00:00,1.07142,1.07368,1.06579,1.06586,110823.51
2023-09-20 20:00:00,1.06587,1.06643,1.06478,1.06498,13978.71
2023-09-21 00:00:00,1.06498,1.06503,1.06167,1.06365,40438.51
2023-09-21 04:00:00,1.06366,1.0658,1.06326,1.06551,47826.59
2023-09-21 08:00:00,1.06551,1.06645,1.06335,1.06356,66737.37
2023-09-21 12:00:00,1.06357,1.06734,1.06246,1.06634,108725.5
2023-09-21 16:00:00,1.06633,1.06708,1.06544,1.06592,35354.43
2023-09-21 20:00:00,1.06591,1.06637,1.06558,1.06603,13891.8
2023-09-22 00:00:00,1.06603,1.06626,1.06409,1.06514,28993.98
2023-09-22 04:00:00,1.06514,1.06678,1.0615,1.06457,67764.58
2023-09-22 08:00:00,1.06456,1.06516,1.0634,1.06363,53573.39
2023-09-22 12:00:00,1.06363,1.06716,1.06363,1.06592,76532.32
2023-09-22 16:00:00,1.06594,1.06616,1.06391,1.06436,27773.31
2023-09-22 20:00:00,1.06436,1.06473,1.06415,1.06419,8013.63
2023-09-24 20:00:00,1.06513,1.06518,1.06424,1.06482,7854.38
2023-09-25 00:00:00,1.06482,1.06555,1.0643,1.0648,22968.64
2023-09-25 04:00:00,1.06479,1.06531,1.06316,1.06378,31540.42
2023-09-25 08:00:00,1.06379,1.06435,1.06239,1.06305,56352.23
2023-09-25 12:00:00,1.06303,1.06346,1.05753,1.05901,77877.67
2023-09-25 16:00:00,1.059,1.05986,1.05854,1.05928,24221.67
2023-09-25 20:00:00,1.05927,1.05966,1.059,1.05912,11224.54
2023-09-26 00:00:00,1.05912,1.05919,1.05783,1.05858,24888.11
2023-09-26 04:00:00,1.05857,1.05929,1.05699,1.05849,39171.05
2023-09-26 08:00:00,1.05849,1.06033,1.05827,1.05994,46692.58
2023-09-26 12:00:00,1.05993,1.0609,1.05677,1.05724,88548.75
2023-09-26 16:00:00,1.05725,1.05767,1.0562,1.05701,26695.99
2023-09-26 20:00:00,1.05701,1.05755,1.05676,1.05691,11555.59
2023-09-27 00:00:00,1.05691,1.0572,1.05559,1.05619,30850.41
2023-09-27 04:00:00,1.05619,1.0574,1.05548,1.0565,37580.37
2023-09-27 08:00:00,1.05653,1.05698,1.05343,1.05394,49828.24
2023-09-27 12:00:00,1.05395,1.05513,1.05081,1.05087,104494.36
2023-09-27 16:00:00,1.0509,1.05187,1.0488,1.05056,62713.61
2023-09-27 20:00:00,1.05057,1.05081,1.04985,1.05052,14516.87
2023-09-28 00:00:00,1.05053,1.0516,1.04987,1.0504,26733.61
2023-09-28 04:00:00,1.0504,1.05188,1.0491,1.05085,48338.62
2023-09-28 08:00:00,1.05084,1.05483,1.05047,1.05413,67096.71
2023-09-28 12:00:00,1.05412,1.05788,1.05176,1.05762,147641.55
2023-09-28 16:00:00,1.05762,1.05782,1.05498,1.05639,44307.87
2023-09-28 20:00:00,1.05639,1.05674,1.05591,1.05621,10626.33
2023-09-29 00:00:00,1.05622,1.05827,1.05579,1.05754,24300.41
2023-09-29 04:00:00,1.05753,1.06106,1.05743,1.06062,53374.6
2023-09-29 08:00:00,1.06063,1.06169,1.05901,1.05943,57922.23
2023-09-29 12:00:00,1.05942,1.06102,1.05698,1.05833,122518.3
2023-09-29 16:00:00,1.05834,1.05867,1.05638,1.05722,49470.05
2023-09-29 20:00:00,1.05723,1.05761,1.05684,1.05694,6094.07
2023-10-01 20:00:00,1.05672,1.05721,1.05578,1.0564,12294.28
2023-10-02 00:00:00,1.05641,1.05707,1.05623,1.05698,21392.81
2023-10-02 04:00:00,1.05697,1.05919,1.05601,1.05722,47264.78
2023-10-02 08:00:00,1.05721,1.0578,1.05301,1.05313,54211.63
2023-10-02 12:00:00,1.05313,1.05375,1.04922,1.04988,110826.86
2023-10-02 16:00:00,1.04989,1.05051,1.04807,1.04809,42552.89
2023-10-02 20:00:00,1.04806,1.04827,1.04752,1.04798,12014.81
2023-10-03 00:00:00,1.04798,1.04803,1.04638,1.04683,28150.76
2023-10-03 04:00:00,1.04683,1.04842,1.04598,1.04824,42921.73
2023-10-03 08:00:00,1.04823,1.04933,1.04692,1.04735,52235.41
2023-10-03 12:00:00,1.04735,1.04857,1.04483,1.04525,141058.67
2023-10-03 16:00:00,1.04524,1.04795,1.04518,1.04714,44180.89
2023-10-03 20:00:00,1.04715,1.04735,1.0463,1.04686,9937.74
2023-10-04 00:00:00,1.04684,1.04755,1.0457,1.04592,24566.84
2023-10-04 04:00:00,1.04593,1.04853,1.04514,1.04846,43838.86
2023-10-04 08:00:00,1.04846,1.05164,1.04791,1.0498,61444.65
2023-10-04 12:00:00,1.04979,1.05321,1.04829,1.05176,143223.23
2023-10-04 16:00:00,1.05178,1.05217,1.04978,1.05154,49170.98
2023-10-04 20:00:00,1.05152,1.0516,1.05028,1.05069,10933.75
2023-10-05 00:00:00,1.05068,1.05288,1.05022,1.0525,28154.03
2023-10-05 04:00:00,1.05249,1.05263,1.05014,1.05087,36744.44
2023-10-05 08:00:00,1.05087,1.05252,1.05027,1.05236,54977.22
2023-10-05 12:00:00,1.05237,1.05373,1.05,1.05257,124146.72
2023-10-05 16:00:00,1.05257,1.05515,1.0524,1.05495,42243.63
2023-10-05 20:00:00,1.05495,1.05518,1.0545,1.05462,10203.58
2023-10-06 00:00:00,1.05463,1.05479,1.05381,1.05423,24381.73
2023-10-06 04:00:00,1.05424,1.0551,1.05314,1.05497,38905.84
2023-10-06 08:00:00,1.05497,1.05672,1.05421,1.0566,51641.01
2023-10-06 12:00:00,1.0566,1.05999,1.04824,1.05946,191844.08
2023-10-06 16:00:00,1.05945,1.05996,1.05755,1.05897,66253.3
2023-10-06 20:00:00,1.05897,1.05897,1.05823,1.05828,6200.02
2023-10-08 20:00:00,1.05529,1.05682,1.05494,1.05661,12822.01
2023-10-09 00:00:00,1.05662,1.05742,1.05515,1.05521,13069.31
2023-10-09 04:00:00,1.05522,1.05585,1.05194,1.0523,23252.96
2023-10-09 08:00:00,1.0523,1.0545,1.05203,1.05282,40852.64
2023-10-09 12:00:00,1.05281,1.05576,1.05224,1.05397,90594.41
2023-10-09 16:00:00,1.05396,1.05702,1.05344,1.05691,46366.08
2023-10-09 20:00:00,1.05691,1.05796,1.05606,1.05786,20870.84
2023-10-10 00:00:00,1.05788,1.05836,1.0566,1.05694,46857.51
2023-10-10 04:00:00,1.05693,1.05723,1.05542,1.05716,63392.15
2023-10-10 08:00:00,1.05717,1.0611,1.05698,1.05757,79490.36
2023-10-10 12:00:00,1.05755,1.06195,1.05742,1.0617,113712.55
2023-10-10 16:00:00,1.0617,1.06198,1.05924,1.06046,57251.68
2023-10-10 20:00:00,1.06048,1.06096,1.05998,1.06042,13652.01
2023-10-11 00:00:00,1.06043,1.06142,1.06012,1.06047,28465.0
2023-10-11 04:00:00,1.06047,1.06283,1.05953,1.05998,49816.92
2023-10-11 08:00:00,1.05999,1.06147,1.05933,1.06039,62236.29
2023-10-11 12:00:00,1.06038,1.06346,1.05806,1.06127,123675.73
2023-10-11 16:00:00,1.06127,1.06158,1.05849,1.06125,52257.82
2023-10-11 20:00:00,1.06125,1.06256,1.06116,1.06234,9849.9
2023-10-12 00:00:00,1.06234,1.0629,1.06199,1.06287,22851.53
2023-10-12 04:00:00,1.06285,1.06397,1.062,1.062,35587.98
2023-10-12 08:00:00,1.06201,1.06272,1.06132,1.06195,35226.97
2023-10-12 12:00:00,1.06194,1.06271,1.05444,1.05519,136321.65
2023-10-12 16:00:00,1.05521,1.05608,1.05257,1.05306,49730.03
2023-10-12 20:00:00,1.05308,1.05374,1.05268,1.05355,10640.69
2023-10-13 00:00:00,1.05358,1.0548,1.05345,1.05455,23380.32
2023-10-13 04:00:00,1.05453,1.05578,1.05313,1.05517,46133.27
2023-10-13 08:00:00,1.05516,1.05584,1.05139,1.05244,62694.55
2023-10-13 12:00:00,1.05247,1.05473,1.04954,1.05006,121161.02
2023-10-13 16:00:00,1.05007,1.05158,1.04995,1.05138,42801.39
2023-10-13 20:00:00,1.05137,1.05138,1.05056,1.05073,5106.86
2023-10-15 20:00:00,1.05083,1.05253,1.05025,1.0522,12664.06
2023-10-16 00:00:00,1.05221,1.05257,1.05156,1.05235,21328.62
2023-10-16 04:00:00,1.05234,1.05382,1.05223,1.05341,40646.48
2023-10-16 08:00:00,1.0534,1.05428,1.05235,1.05365,43041.31
2023-10-16 12:00:00,1.05365,1.05554,1.05256,1.05446,75316.47
2023-10-16 16:00:00,1.05447,1.05627,1.05403,1.05626,26029.15
2023-10-16 20:00:00,1.05627,1.05627,1.05529,1.05543,13750.34
2023-10-17 00:00:00,1.05543,1.05607,1.05462,1.05498,23113.91
2023-10-17 04:00:00,1.05499,1.05547,1.0534,1.05486,34738.21
2023-10-17 08:00:00,1.05485,1.05793,1.05328,1.05752,50743.91
2023-10-17 12:00:00,1.05751,1.05927,1.05383,1.05921,120419.02
2023-10-17 16:00:00,1.05921,1.05948,1.05641,1.05769,39838.94
2023-10-17 20:00:00,1.05768,1.05776,1.05718,1.05727,12434.72
2023-10-18 00:00:00,1.05726,1.05789,1.05604,1.05754,24844.96
2023-10-18 04:00:00,1.05754,1.05941,1.05704,1.05788,43863.26
2023-10-18 08:00:00,1.05787,1.05867,1.05521,1.05606,50438.01
2023-10-18 12:00:00,1.05606,1.05744,1.05259,1.05311,103574.62
2023-10-18 16:00:00,1.05312,1.05536,1.05231,1.05354,49354.61
2023-10-18 20:00:00,1.05353,1.05396,1.05327,1.05379,16136.04
2023-10-19 00:00:00,1.05381,1.05418,1.05323,1.05338,27339.2
2023-10-19 04:00:00,1.05336,1.05482,1.05282,1.05375,38399.59
2023-10-19 08:00:00,1.05375,1.05635,1.05294,1.05578,54365.42
2023-10-19 12:00:00,1.05577,1.05816,1.0556,1.05696,98112.06
2023-10-19 16:00:00,1.05698,1.06163,1.05561,1.0588,133825.19
2023-10-19 20:00:00,1.05879,1.05879,1.05781,1.05863,10841.69
2023-10-20 00:00:00,1.05862,1.05864,1.05683,1.05759,28768.62
2023-10-20 04:00:00,1.0576,1.05787,1.05649,1.05705,36874.86
2023-10-20 08:00:00,1.05707,1.05989,1.05683,1.05908,48423.98
2023-10-20 12:00:00,1.05907,1.06008,1.05653,1.0591,104988.72
2023-10-20 16:00:00,1.05909,1.06035,1.05812,1.05921,37964.06
2023-10-20 20:00:00,1.05921,1.05955,1.0591,1.05927,6147.7
2023-10-22 20:00:00,1.0595,1.05968,1.05883,1.05896,8350.37
2023-10-23 00:00:00,1.05893,1.05902,1.05733,1.05751,19163.88
2023-10-23 04:00:00,1.0575,1.05976,1.05714,1.05976,32896.36
2023-10-23 08:00:00,1.05976,1.06147,1.05904,1.06017,57518.18
2023-10-23 12:00:00,1.06016,1.06466,1.0591,1.06453,101375.93
2023-10-23 16:00:00,1.06453,1.06779,1.06409,1.06655,45192.08
2023-10-23 20:00:00,1.06654,1.06719,1.06634,1.06698,12237.87
2023-10-24 00:00:00,1.06699,1.06871,1.06668,1.06824,31967.74
2023-10-24 04:00:00,1.06825,1.06942,1.06569,1.06627,45955.89
2023-10-24 08:00:00,1.06627,1.06627,1.06217,1.06353,54521.2
2023-10-24 12:00:00,1.06352,1.06364,1.0583,1.05936,93497.22
2023-10-24 16:00:00,1.05937,1.06021,1.05834,1.05918,34258.39
2023-10-24 20:00:00,1.05917,1.0595,1.05888,1.05949,10108.7
2023-10-25 00:00:00,1.05952,1.0605,1.05897,1.0602,26522.54
2023-10-25 04:00:00,1.06019,1.06067,1.05783,1.05871,29013.28
2023-10-25 08:00:00,1.0587,1.05968,1.05658,1.05727,40657.73
2023-10-25 12:00:00,1.05728,1.05956,1.05668,1.05829,92596.97
2023-10-25 16:00:00,1.05829,1.05859,1.05658,1.05677,45273.96
2023-10-25 20:00:00,1.05678,1.05697,1.05601,1.05661,13474.42
2023-10-26 00:00:00,1.05661,1.05691,1.05414,1.05467,25542.56
2023-10-26 04:00:00,1.05467,1.05494,1.0533,1.05482,38051.79
2023-10-26 08:00:00,1.05481,1.05525,1.0531,1.05362,37388.07
2023-10-26 12:00:00,1.05362,1.05603,1.05221,1.05317,122673.86
2023-10-26 16:00:00,1.05316,1.05645,1.05249,1.05566,51141.07
2023-10-26 20:00:00,1.05565,1.05657,1.05551,1.05638,12337.42
2023-10-27 00:00:00,1.05637,1.05666,1.05525,1.05644,22386.83
2023-10-27 04:00:00,1.05644,1.05698,1.0552,1.05584,26069.94
2023-10-27 08:00:00,1.05583,1.05671,1.05354,1.0537,29907.95
2023-10-27 12:00:00,1.0537,1.0597,1.05355,1.05912,92169.23
2023-10-27 16:00:00,1.05913,1.05964,1.05573,1.05705,39045.12
2023-10-27 20:00:00,1.05707,1.05707,1.05605,1.05605,6026.16
2023-10-29 20:00:00,1.05644,1.05749,1.05588,1.05618,7605.18
2023-10-30 00:00:00,1.05618,1.05658,1.05551,1.05604,23931.68
2023-10-30 04:00:00,1.05603,1.05674,1.0553,1.05566,21528.63
2023-10-30 08:00:00,1.05565,1.05962,1.05471,1.05851,49974.23
2023-10-30 12:00:00,1.05852,1.0625,1.05819,1.06191,94210.52
2023-10-30 16:00:00,1.06189,1.06215,1.06002,1.06169,31141.75
2023-10-30 20:00:00,1.06169,1.06174,1.06117,1.06138,7564.41
2023-10-31 00:00:00,1.06139,1.06143,1.05906,1.05943,31709.8
2023-10-31 04:00:00,1.05943,1.06258,1.05907,1.06212,31443.08
2023-10-31 08:00:00,1.06212,1.06748,1.06154,1.06557,68825.68
2023-10-31 12:00:00,1.06556,1.06609,1.05662,1.05669,124868.72
2023-10-31 16:00:00,1.05672,1.05856,1.05574,1.05807,51473.28
2023-10-31 20:00:00,1.05809,1.05835,1.0572,1.0578,10426.3
2023-11-01 00:00:00,1.05778,1.05806,1.05664,1.05705,23536.45
2023-11-01 04:00:00,1.05704,1.05774,1.0559,1.05646,27211.78
2023-11-01 08:00:00,1.05646,1.0568,1.05408,1.05428,46606.84
2023-11-01 12:00:00,1.05429,1.05708,1.05216,1.05372,131788.07
2023-11-01 16:00:00,1.05372,1.05706,1.05167,1.05672,130891.28
2023-11-01 20:00:00,1.05671,1.05867,1.05667,1.05866,14962.73
2023-11-02 00:00:00,1.05866,1.06021,1.05837,1.05998,30755.11
2023-11-02 04:00:00,1.05999,1.061,1.05936,1.06033,30412.39
2023-11-02 08:00:00,1.06032,1.06388,1.0591,1.06337,63841.24
2023-11-02 12:00:00,1.06338,1.06675,1.06168,1.06173,112965.15
2023-11-02 16:00:00,1.06172,1.06323,1.06105,1.06231,39180.84
2023-11-02 20:00:00,1.06231,1.06244,1.06154,1.06155,8032.44
2023-11-03 00:00:00,1.06158,1.06287,1.06146,1.06253,14428.25
2023-11-03 04:00:00,1.06254,1.06338,1.06248,1.06292,18980.45
2023-11-03 08:00:00,1.06291,1.06526,1.06197,1.06467,37266.52
2023-11-03 12:00:00,1.06469,1.07353,1.06454,1.07321,154342.94
2023-11-03 16:00:00,1.0732,1.07467,1.07224,1.07247,46780.99
2023-11-03 20:00:00,1.07248,1.07325,1.07247,1.07295,5916.32
2023-11-05 20:00:00,1.07232,1.07334,1.07207,1.07313,3880.14
2023-11-06 00:00:00,1.07316,1.07343,1.07222,1.07343,22949.31
2023-11-06 04:00:00,1.07343,1.07437,1.07318,1.0733,22633.49
2023-11-06 08:00:00,1.07333,1.07562,1.07315,1.07514,43996.08
2023-11-06 12:00:00,1.07513,1.07541,1.07261,1.07436,67332.06
2023-11-06 16:00:00,1.07437,1.07492,1.0722,1.07242,35321.93
2023-11-06 20:00:00,1.07238,1.0724,1.07149,1.07182,14699.32
2023-11-07 00:00:00,1.07184,1.07193,1.07058,1.07089,21681.72
2023-11-07 04:00:00,1.07089,1.07116,1.06918,1.06968,28099.33
2023-11-07 08:00:00,1.06966,1.07063,1.06655,1.06738,49597.19
2023-11-07 12:00:00,1.0674,1.06898,1.0664,1.06849,75552.75
2023-11-07 16:00:00,1.06849,1.07047,1.06724,1.06952,51726.84
2023-11-07 20:00:00,1.06951,1.07008,1.06894,1.06956,17970.07
2023-11-08 00:00:00,1.06956,1.06992,1.06863,1.06898,21203.78
2023-11-08 04:00:00,1.06899,1.06928,1.06755,1.06803,24434.06
2023-11-08 08:00:00,1.06804,1.06827,1.06593,1.0677,50221.85
2023-11-08 12:00:00,1.06771,1.07077,1.06601,1.07051,63764.6
2023-11-08 16:00:00,1.07052,1.0716,1.07011,1.07021,51805.85
2023-11-08 20:00:00,1.07022,1.07112,1.06999,1.07112,16652.29
2023-11-09 00:00:00,1.07113,1.07156,1.07024,1.07078,17220.24
2023-11-09 04:00:00,1.07079,1.07117,1.07014,1.07052,22221.8
2023-11-09 08:00:00,1.07052,1.07098,1.06804,1.06882,43762.23
2023-11-09 12:00:00,1.06882,1.07254,1.06865,1.0715,76059.07
2023-11-09 16:00:00,1.0715,1.0717,1.06601,1.06672,96370.08
2023-11-09 20:00:00,1.06673,1.06755,1.06624,1.06669,23018.94
2023-11-10 00:00:00,1.06671,1.0675,1.06629,1.06699,20194.08
2023-11-10 04:00:00,1.067,1.06719,1.0656,1.06629,24074.03
2023-11-10 08:00:00,1.0663,1.06889,1.0663,1.06768,49539.59
2023-11-10 12:00:00,1.06769,1.06927,1.06624,1.06698,76234.38
2023-11-10 16:00:00,1.067,1.06875,1.0663,1.06796,43486.5
2023-11-10 20:00:00,1.06795,1.06874,1.0677,1.06848,9663.46
2023-11-12 20:00:00,1.06818,1.06906,1.06799,1.06905,5575.71
2023-11-13 00:00:00,1.06902,1.06905,1.0681,1.06856,17365.37
2023-11-13 04:00:00,1.06856,1.06974,1.06835,1.06927,18379.15
2023-11-13 08:00:00,1.06924,1.07013,1.0685,1.06871,35392.39
2023-11-13 12:00:00,1.06872,1.06927,1.0665,1.06887,63899.92
2023-11-13 16:00:00,1.06887,1.07061,1.06852,1.0702,36373.64
2023-11-13 20:00:00,1.07019,1.07042,1.06975,1.07012,12945.22
2023-11-14 00:00:00,1.07013,1.07023,1.06945,1.06965,16455.83
2023-11-14 04:00:00,1.06964,1.07096,1.06928,1.07061,17082.03
2023-11-14 08:00:00,1.07061,1.07305,1.0696,1.07193,45557.88
2023-11-14 12:00:00,1.07193,1.08423,1.07049,1.08376,144120.84
2023-11-14 16:00:00,1.08373,1.08826,1.08364,1.08814,56742.15
2023-11-14 20:00:00,1.08813,1.08875,1.08727,1.08777,14709.81
2023-11-15 00:00:00,1.08776,1.08827,1.08656,1.0882,29739.09
2023-11-15 04:00:00,1.08824,1.08836,1.08647,1.08727,30477.71
2023-11-15 08:00:00,1.08728,1.08794,1.08439,1.08661,50676.08
2023-11-15 12:00:00,1.08662,1.08858,1.08315,1.08651,105147.11
2023-11-15 16:00:00,1.08652,1.08687,1.0841,1.08462,45708.13
2023-11-15 20:00:00,1.08463,1.08541,1.08423,1.08541,14643.6725
2023-11-16 00:00:00,1.08542,1.08558,1.083,1.08324,27185.42
2023-11-16 04:00:00,1.08326,1.08458,1.08322,1.08409,20519.33
2023-11-16 08:00:00,1.08407,1.08607,1.08383,1.08522,42386.85
2023-11-16 12:00:00,1.08521,1.08955,1.0839,1.08781,101783.93
2023-11-16 16:00:00,1.08782,1.08828,1.08463,1.08556,50517.88
2023-11-16 20:00:00,1.08557,1.08581,1.08434,1.08529,19409.75
2023-11-17 00:00:00,1.0853,1.08569,1.08487,1.08539,20973.45
2023-11-17 04:00:00,1.0854,1.08563,1.08351,1.08383,28332.91
2023-11-17 08:00:00,1.08385,1.08746,1.08247,1.08662,61803.52
2023-11-17 12:00:00,1.0866,1.08933,1.08573,1.08867,85244.43
2023-11-17 16:00:00,1.08868,1.09045,1.08748,1.08996,45544.9
2023-11-17 20:00:00,1.08997,1.09148,1.08972,1.09138,14676.4
2023-11-19 20:00:00,1.09095,1.0911,1.09054,1.09055,6802.85
2023-11-20 00:00:00,1.09054,1.09249,1.08974,1.09238,31212.65
2023-11-20 04:00:00,1.09238,1.09358,1.09129,1.0916,33059.89
2023-11-20 08:00:00,1.0916,1.09401,1.09152,1.09228,47866.42
2023-11-20 12:00:00,1.09228,1.09457,1.09187,1.09382,58167.97
2023-11-20 16:00:00,1.09381,1.09517,1.09351,1.09464,45584.63
2023-11-20 20:00:00,1.09463,1.09475,1.09379,1.09446,13285.31
2023-11-21 00:00:00,1.09447,1.09641,1.09421,1.09635,33807.11
2023-11-21 04:00:00,1.09633,1.09651,1.09507,1.09538,30287.62
2023-11-21 08:00:00,1.09538,1.09639,1.0939,1.09392,53850.09
2023-11-21 12:00:00,1.09393,1.09612,1.09313,1.09341,80737.13
2023-11-21 16:00:00,1.09342,1.09437,1.09001,1.09151,55235.93
2023-11-21 20:00:00,1.09152,1.09185,1.09098,1.09169,12703.34
2023-11-22 00:00:00,1.0917,1.09229,1.09088,1.09142,28406.97
2023-11-22 04:00:00,1.09142,1.09166,1.08956,1.09145,31359.19
2023-11-22 08:00:00,1.09145,1.09197,1.08826,1.08999,57564.73
2023-11-22 12:00:00,1.09,1.09177,1.08522,1.08657,119279.48
2023-11-22 16:00:00,1.08657,1.08878,1.08614,1.08838,43560.93
2023-11-22 20:00:00,1.08838,1.08893,1.08817,1.08878,10337.91
2023-11-23 00:00:00,1.0888,1.09057,1.08878,1.09049,14438.45
2023-11-23 04:00:00,1.0905,1.09176,1.09009,1.09138,19842.23
2023-11-23 08:00:00,1.09137,1.09303,1.08955,1.09146,68703.55
2023-11-23 12:00:00,1.09146,1.09151,1.0887,1.09097,41356.56
2023-11-23 16:00:00,1.09096,1.09099,1.09024,1.09036,9956.3
2023-11-23 20:00:00,1.09037,1.0907,1.09021,1.09038,4688.75
2023-11-24 00:00:00,1.09037,1.09102,1.08949,1.0899,20383.01
2023-11-24 04:00:00,1.08992,1.09119,1.08973,1.09079,19101.47
2023-11-24 08:00:00,1.09079,1.09207,1.09014,1.09141,40181.52
2023-11-24 12:00:00,1.09141,1.09452,1.09068,1.09398,58599.62
2023-11-24 16:00:00,1.09397,1.09486,1.09282,1.09459,31908.86
2023-11-24 20:00:00,1.09458,1.09475,1.09341,1.09341,6598.78
2023-11-26 20:00:00,1.09438,1.09474,1.09384,1.09396,4636.0
2023-11-27 00:00:00,1.09397,1.09496,1.09267,1.09452,27256.39
2023-11-27 04:00:00,1.09453,1.09592,1.09419,1.09475,24725.88
2023-11-27 08:00:00,1.09474,1.09564,1.09392,1.09536,39741.18
2023-11-27 12:00:00,1.09537,1.09551,1.09251,1.09326,91075.11
2023-11-27 16:00:00,1.09327,1.09566,1.09278,1.09562,47624.18
2023-11-27 20:00:00,1.09562,1.09591,1.095,1.09589,15837.85
2023-11-28 00:00:00,1.09589,1.09628,1.09533,1.0955,24645.47
2023-11-28 04:00:00,1.0955,1.09552,1.09344,1.09358,22874.95
2023-11-28 08:00:00,1.09358,1.09575,1.09358,1.09499,46161.5
2023-11-28 12:00:00,1.09499,1.10019,1.09454,1.09809,105305.31
2023-11-28 16:00:00,1.09809,1.10088,1.09732,1.09911,78679.97
2023-11-28 20:00:00,1.0991,1.10055,1.09759,1.10039,17147.1
2023-11-29 00:00:00,1.10041,1.10171,1.09975,1.09984,35363.3
2023-11-29 04:00:00,1.09983,1.10045,1.09819,1.09845,36488.93
2023-11-29 08:00:00,1.09845,1.09983,1.09691,1.09847,70842.64
2023-11-29 12:00:00,1.09839,1.09948,1.09601,1.09747,80322.25
2023-11-29 16:00:00,1.09746,1.09947,1.09615,1.09831,45648.31
2023-11-29 20:00:00,1.0983,1.09838,1.09678,1.09732,15809.77
2023-11-30 00:00:00,1.09731,1.09838,1.09672,1.09742,23301.85
2023-11-30 04:00:00,1.09742,1.09817,1.09404,1.09514,34203.23
2023-11-30 08:00:00,1.09515,1.09592,1.0909,1.09157,67086.37
2023-11-30 12:00:00,1.09157,1.09496,1.08924,1.0911,129733.99
2023-11-30 16:00:00,1.0911,1.09168,1.08836,1.08901,62909.73
2023-11-30 20:00:00,1.089,1.08946,1.08794,1.08916,22559.59
2023-12-01 00:00:00,1.08917,1.09127,1.08916,1.09006,28148.83
2023-12-01 04:00:00,1.09005,1.09122,1.08944,1.08946,30122.84
2023-12-01 08:00:00,1.08949,1.09046,1.08826,1.08973,65089.48
2023-12-01 12:00:00,1.08974,1.0901,1.08327,1.08378,103915.78
2023-12-01 16:00:00,1.08377,1.08928,1.08287,1.08719,101546.95
2023-12-01 20:00:00,1.08721,1.08846,1.08707,1.08788,11616.69
2023-12-03 20:00:00,1.08771,1.08948,1.08766,1.08857,14945.93
2023-12-04 00:00:00,1.08858,1.08865,1.08665,1.08801,42780.88
2023-12-04 04:00:00,1.088,1.08805,1.08498,1.08538,40519.41
2023-12-04 08:00:00,1.08538,1.08807,1.08538,1.0869,60900.58
2023-12-04 12:00:00,1.0869,1.08759,1.0804,1.08147,94525.48
2023-12-04 16:00:00,1.08148,1.0829,1.08116,1.08276,54134.69
2023-12-04 20:00:00,1.08276,1.08377,1.08276,1.08373,13687.73
2023-12-05 00:00:00,1.08373,1.08461,1.08345,1.08404,27519.28
2023-12-05 04:00:00,1.08403,1.08474,1.0804,1.08071,39253.91
2023-12-05 08:00:00,1.08071,1.08425,1.08059,1.08187,71733.18
2023-12-05 12:00:00,1.08187,1.08388,1.0799,1.08055,121467.4
2023-12-05 16:00:00,1.08055,1.08132,1.07781,1.07838,61752.72
2023-12-05 20:00:00,1.07839,1.07987,1.07818,1.07932,14886.48
2023-12-06 00:00:00,1.07933,1.07985,1.07879,1.07966,24405.49
2023-12-06 04:00:00,1.07965,1.08017,1.0778,1.07901,32264.04
2023-12-06 08:00:00,1.07898,1.07977,1.0775,1.07798,59466.56
2023-12-06 12:00:00,1.07798,1.08047,1.07725,1.079,90641.81
2023-12-06 16:00:00,1.07899,1.08002,1.07671,1.07684,47439.59
2023-12-06 20:00:00,1.07683,1.07695,1.07586,1.07661,15506.61
2023-12-07 00:00:00,1.07664,1.07721,1.07593,1.07596,25538.71
2023-12-07 04:00:00,1.07595,1.07811,1.07552,1.07807,43297.97
2023-12-07 08:00:00,1.07808,1.07845,1.07636,1.07707,74062.65
2023-12-07 12:00:00,1.07706,1.07979,1.07593,1.07839,117995.21
2023-12-07 16:00:00,1.07839,1.08175,1.07839,1.07981,71352.69
2023-12-07 20:00:00,1.07982,1.08037,1.07894,1.07895,18796.01
2023-12-08 00:00:00,1.07896,1.08005,1.07836,1.07919,48010.14
2023-12-08 04:00:00,1.07917,1.07919,1.0773,1.07791,41131.63
2023-12-08 08:00:00,1.07792,1.07911,1.07723,1.07827,68215.07
2023-12-08 12:00:00,1.07827,1.07859,1.07236,1.07682,146002.08
2023-12-08 16:00:00,1.07683,1.07703,1.07402,1.07587,49931.26
2023-12-08 20:00:00,1.07587,1.07664,1.07569,1.07592,10827.84
2023-12-10 20:00:00,1.07592,1.07676,1.07556,1.07651,3853.29
2023-12-11 00:00:00,1.07653,1.07739,1.07635,1.07649,25263.92
2023-12-11 04:00:00,1.07648,1.07709,1.0753,1.07557,27777.68
2023-12-11 08:00:00,1.07557,1.07789,1.07513,1.07682,52503.08
2023-12-11 12:00:00,1.07681,1.07704,1.07417,1.07441,68041.77
2023-12-11 16:00:00,1.07442,1.07696,1.07415,1.07612,48567.01
2023-12-11 20:00:00,1.07612,1.07654,1.07586,1.07653,12408.67
2023-12-12 00:00:00,1.07653,1.07703,1.07612,1.07682,18261.92
2023-12-12 04:00:00,1.07682,1.07832,1.07641,1.07777,23245.58
2023-12-12 08:00:00,1.07777,1.08072,1.07731,1.07963,48550.84
2023-12-12 12:00:00,1.07963,1.08279,1.07671,1.07842,127095.51
2023-12-12 16:00:00,1.07846,1.07986,1.0781,1.07902,44555.95
2023-12-12 20:00:00,1.07901,1.07992,1.07891,1.07982,16906.07
2023-12-13 00:00:00,1.07983,1.07998,1.07842,1.07873,20036.15
2023-12-13 04:00:00,1.07872,1.07922,1.07801,1.07853,24470.0
2023-12-13 08:00:00,1.07851,1.07928,1.07731,1.07836,47237.08
2023-12-13 12:00:00,1.07836,1.08093,1.0781,1.07944,74500.08
2023-12-13 16:00:00,1.07945,1.08914,1.07799,1.08878,114085.23
2023-12-13 20:00:00,1.08881,1.08965,1.08648,1.08825,60167.7
2023-12-14 00:00:00,1.08826,1.09153,1.08791,1.09058,51892.26
2023-12-14 04:00:00,1.09058,1.09095,1.08808,1.08809,67207.18
2023-12-14 08:00:00,1.08811,1.09317,1.088,1.09296,90083.08
2023-12-14 12:00:00,1.09295,1.09972,1.09062,1.09935,169187.21
2023-12-14 16:00:00,1.09936,1.10092,1.09795,1.0992,76709.45
2023-12-14 20:00:00,1.09922,1.09968,1.09879,1.09932,27460.39
2023-12-15 00:00:00,1.09934,1.10007,1.09768,1.09989,34494.99
2023-12-15 04:00:00,1.09991,1.10036,1.09806,1.09938,44248.62
2023-12-15 08:00:00,1.09938,1.09992,1.0946,1.09683,83997.63
2023-12-15 12:00:00,1.09684,1.09694,1.09041,1.09157,121670.64
2023-12-15 16:00:00,1.09157,1.09166,1.08885,1.08995,58951.9
2023-12-15 20:00:00,1.08995,1.0909,1.0892,1.08922,15619.35
2023-12-17 20:00:00,1.08973,1.0898,1.0892,1.08948,6411.22
2023-12-18 00:00:00,1.08948,1.09136,1.08939,1.09109,23876.63
2023-12-18 04:00:00,1.09109,1.09299,1.09089,1.09216,27969.81
2023-12-18 08:00:00,1.09215,1.09282,1.09071,1.09127,53593.46
2023-12-18 12:00:00,1.09129,1.09311,1.0909,1.09141,79333.31
2023-12-18 16:00:00,1.0914,1.09279,1.09131,1.09166,44720.04
2023-12-18 20:00:00,1.09167,1.09243,1.09137,1.09231,17365.77
2023-12-19 00:00:00,1.09231,1.09289,1.09148,1.09254,34271.22
2023-12-19 04:00:00,1.09255,1.09412,1.09201,1.09283,39487.97
2023-12-19 08:00:00,1.09285,1.09493,1.09272,1.09372,52615.29
2023-12-19 12:00:00,1.09371,1.09873,1.09371,1.09858,96877.33
2023-12-19 16:00:00,1.09858,1.09862,1.09693,1.09761,43051.0
2023-12-19 20:00:00,1.09763,1.09843,1.0972,1.09792,15771.99
2023-12-20 00:00:00,1.09793,1.09793,1.09672,1.09698,22873.96
2023-12-20 04:00:00,1.09698,1.09708,1.09506,1.09668,33085.51
2023-12-20 08:00:00,1.09665,1.09713,1.09356,1.09374,55891.41
2023-12-20 12:00:00,1.09375,1.09748,1.09339,1.09738,78204.47
2023-12-20 16:00:00,1.09739,1.09756,1.09427,1.09465,43357.51
2023-12-20 20:00:00,1.09464,1.09486,1.09298,1.09432,30031.57
2023-12-21 00:00:00,1.09433,1.09542,1.0941,1.0949,28049.21
2023-12-21 04:00:00,1.0949,1.09558,1.09424,1.09469,26345.06
2023-12-21 08:00:00,1.09471,1.09848,1.09352,1.09798,56073.06
2023-12-21 12:00:00,1.09799,1.10023,1.09724,1.09896,122326.6
2023-12-21 16:00:00,1.09897,1.10008,1.0978,1.09991,86486.86
2023-12-21 20:00:00,1.0999,1.10125,1.09927,1.10056,30588.81
2023-12-22 00:00:00,1.10057,1.10096,1.09954,1.09977,29443.03
2023-12-22 04:00:00,1.09977,1.10076,1.09938,1.10002,30099.3
2023-12-22 08:00:00,1.10002,1.10298,1.09992,1.10257,65973.21
2023-12-22 12:00:00,1.10258,1.10401,1.10016,1.10113,121236.57
2023-12-22 16:00:00,1.10112,1.10236,1.1,1.10156,86415.27
2023-12-22 20:00:00,1.10155,1.10157,1.10077,1.10135,15486.02
2023-12-24 20:00:00,1.10108,1.10159,1.10108,1.10149,94.5
2023-12-25 00:00:00,1.10149,1.10149,1.09933,1.10012,779.61
2023-12-25 04:00:00,1.10012,1.10202,1.09974,1.10097,2197.8
2023-12-25 20:00:00,1.10009,1.1023,1.10009,1.10186,4815.57
2023-12-26 00:00:00,1.10187,1.10286,1.10156,1.10277,16616.89
2023-12-26 04:00:00,1.10275,1.10277,1.10209,1.10223,15720.71
2023-12-26 08:00:00,1.10226,1.10265,1.10096,1.10137,31714.71
2023-12-26 12:00:00,1.10137,1.10324,1.10085,1.10249,66761.34
2023-12-26 16:00:00,1.10249,1.10448,1.10242,1.10443,35513.35
2023-12-26 20:00:00,1.10444,1.1045,1.10402,1.10422,15869.3
2023-12-27 00:00:00,1.10422,1.10424,1.10286,1.10362,25403.77
2023-12-27 04:00:00,1.10362,1.10491,1.10362,1.10412,21713.2
2023-12-27 08:00:00,1.10411,1.10594,1.10379,1.10589,31831.72
2023-12-27 12:00:00,1.10589,1.11156,1.10485,1.11072,65553.01
2023-12-27 16:00:00,1.11071,1.11226,1.10988,1.11014,48950.89
2023-12-27 20:00:00,1.11015,1.11096,1.10968,1.11082,15388.6
2023-12-28 00:00:00,1.11081,1.11224,1.1108,1.11184,26236.04
2023-12-28 04:00:00,1.11183,1.11255,1.11048,1.11167,34814.71
2023-12-28 08:00:00,1.11167,1.11394,1.11042,1.112,61080.47
2023-12-28 12:00:00,1.11199,1.112,1.10722,1.11066,77084.35
2023-12-28 16:00:00,1.11067,1.11067,1.10552,1.10645,51708.24
2023-12-28 20:00:00,1.10645,1.10706,1.10588,1.10677,21644.77
2023-12-29 00:00:00,1.10678,1.10842,1.10637,1.10651,33705.69
2023-12-29 04:00:00,1.10652,1.10762,1.10608,1.10658,30632.78
2023-12-29 08:00:00,1.10655,1.10774,1.10442,1.10763,56477.24
2023-12-29 12:00:00,1.10764,1.10806,1.10425,1.10471,83311.96
2023-12-29 16:00:00,1.10472,1.10667,1.10381,1.10407,76045.41
2023-12-29 20:00:00,1.10409,1.10507,1.10339,1.10374,13378.36
2024-01-01 20:00:00,1.10427,1.10447,1.10356,1.10365,3923.96
2024-01-02 00:00:00,1.10366,1.10432,1.10176,1.10245,24509.62
2024-01-02 04:00:00,1.10245,1.1038,1.10151,1.10153,30174.74
2024-01-02 08:00:00,1.10156,1.10387,1.09665,1.0969,70041.65
2024-01-02 12:00:00,1.09691,1.09717,1.0941,1.09435,86422.11
2024-01-02 16:00:00,1.09436,1.09616,1.09408,1.09465,44511.0
2024-01-02 20:00:00,1.09465,1.09511,1.09375,1.09416,21566.2
2024-01-03 00:00:00,1.09416,1.09622,1.09412,1.09608,17838.9
2024-01-03 04:00:00,1.09607,1.09627,1.09511,1.09603,25321.98
2024-01-03 08:00:00,1.09602,1.09654,1.09154,1.09195,60202.29
2024-01-03 12:00:00,1.09195,1.09385,1.0898,1.09044,122224.77
2024-01-03 16:00:00,1.09045,1.09257,1.08929,1.09176,78473.57
2024-01-03 20:00:00,1.09177,1.09275,1.0915,1.09258,23305.94
2024-01-04 00:00:00,1.09259,1.09306,1.0916,1.09261,19690.41
2024-01-04 04:00:00,1.09261,1.09436,1.09208,1.09375,34647.37
2024-01-04 08:00:00,1.09375,1.09721,1.09345,1.09479,65475.57
2024-01-04 12:00:00,1.09477,1.09652,1.09327,1.0955,94080.12
2024-01-04 16:00:00,1.09551,1.09639,1.09418,1.0947,48131.76
2024-01-04 20:00:00,1.09469,1.095,1.0943,1.09462,19461.42
2024-01-05 00:00:00,1.09461,1.09558,1.09391,1.09392,24102.52
2024-01-05 04:00:00,1.09392,1.09411,1.09226,1.09231,29235.37
2024-01-05 08:00:00,1.09231,1.09305,1.09028,1.09142,53689.02
2024-01-05 12:00:00,1.09142,1.09984,1.08767,1.09781,167761.0
2024-01-05 16:00:00,1.09782,1.09805,1.09352,1.09452,67854.04
2024-01-05 20:00:00,1.09452,1.09471,1.09357,1.09392,14300.5
2024-01-07 20:00:00,1.09386,1.09456,1.09349,1.09415,4674.37
2024-01-08 00:00:00,1.09413,1.0953,1.09313,1.09329,16574.85
2024-01-08 04:00:00,1.09329,1.09522,1.09306,1.09451,26067.1
2024-01-08 08:00:00,1.09454,1.09506,1.09226,1.09379,64036.97
2024-01-08 12:00:00,1.09378,1.09745,1.09372,1.09697,80994.12
2024-01-08 16:00:00,1.09696,1.09788,1.09488,1.09609,47300.07
2024-01-08 20:00:00,1.0961,1.0961,1.09493,1.09497,17702.09
2024-01-09 00:00:00,1.09497,1.09663,1.09492,1.09627,21187.32
2024-01-09 04:00:00,1.09628,1.09629,1.09461,1.09566,25964.24
2024-01-09 08:00:00,1.09566,1.09566,1.09287,1.09314,51283.71
2024-01-09 12:00:00,1.09313,1.09513,1.09175,1.09178,94401.42
2024-01-09 16:00:00,1.09178,1.094,1.09103,1.09252,59589.64
2024-01-09 20:00:00,1.09252,1.09326,1.0925,1.09317,23410.68
2024-01-10 00:00:00,1.09316,1.09363,1.09261,1.09292,28203.86
2024-01-10 04:00:00,1.09292,1.09453,1.09235,1.0926,33302.95
2024-01-10 08:00:00,1.09261,1.09553,1.09228,1.09459,54830.95
2024-01-10 12:00:00,1.09459,1.0969,1.0932,1.09673,69274.72
2024-01-10 16:00:00,1.09674,1.09707,1.09523,1.09703,41441.36
2024-01-10 20:00:00,1.09703,1.09747,1.09615,1.0974,30552.81
2024-01-11 00:00:00,1.09742,1.09847,1.0973,1.09803,35849.58
2024-01-11 04:00:00,1.09802,1.09885,1.09744,1.09788,27608.63
2024-01-11 08:00:00,1.0979,1.09824,1.09585,1.09785,58005.87
2024-01-11 12:00:00,1.09786,1.1,1.09302,1.09464,175412.1
2024-01-11 16:00:00,1.09466,1.09829,1.09366,1.09819,93228.0
2024-01-11 20:00:00,1.0982,1.09825,1.09561,1.09824,29541.77
2024-01-12 00:00:00,1.09823,1.09853,1.09725,1.09776,30378.21
2024-01-12 04:00:00,1.09774,1.09803,1.09608,1.09666,29970.57
2024-01-12 08:00:00,1.09666,1.09827,1.09465,1.09496,58120.41
2024-01-12 12:00:00,1.09495,1.09868,1.09359,1.09661,127518.76
2024-01-12 16:00:00,1.09662,1.09738,1.0947,1.09559,51814.29
2024-01-12 20:00:00,1.09559,1.09563,1.09481,1.09483,10770.37
2024-01-14 20:00:00,1.0948,1.09502,1.0944,1.09451,5573.34
2024-01-15 00:00:00,1.09451,1.09675,1.09407,1.09643,30058.07
2024-01-15 04:00:00,1.09642,1.09666,1.09515,1.09533,29663.64
2024-01-15 08:00:00,1.09535,1.09649,1.09335,1.09453,54527.86
2024-01-15 12:00:00,1.09453,1.09589,1.09381,1.09496,52184.07
2024-01-15 16:00:00,1.09497,1.09536,1.0946,1.09504,13938.8
2024-01-15 20:00:00,1.09506,1.09517,1.09447,1.09449,19706.53
2024-01-16 00:00:00,1.09447,1.09461,1.09154,1.09189,37253.77
2024-01-16 04:00:00,1.09187,1.09265,1.09086,1.09184,31656.23
2024-01-16 08:00:00,1.09184,1.09233,1.08739,1.08922,89241.91
2024-01-16 12:00:00,1.08923,1.08979,1.08656,1.08857,120066.85
2024-01-16 16:00:00,1.08856,1.08946,1.0862,1.08736,98382.66
2024-01-16 20:00:00,1.08737,1.08786,1.087,1.08784,20445.6
2024-01-17 00:00:00,1.08786,1.08844,1.08651,1.08663,28589.35
2024-01-17 04:00:00,1.08662,1.08737,1.08554,1.08701,45309.02
2024-01-17 08:00:00,1.08701,1.08839,1.08609,1.08785,68921.23
2024-01-17 12:00:00,1.08785,1.08813,1.08445,1.0849,115627.31
2024-01-17 16:00:00,1.08489,1.08787,1.08476,1.08738,61166.35
2024-01-17 20:00:00,1.08737,1.0886,1.08702,1.0886,22671.87
2024-01-18 00:00:00,1.08861,1.09028,1.08802,1.08954,41217.46
2024-01-18 04:00:00,1.08953,1.09067,1.08863,1.08881,36442.81
2024-01-18 08:00:00,1.08878,1.08995,1.08766,1.08891,57090.32
2024-01-18 12:00:00,1.0889,1.08939,1.08466,1.08521,139701.13
2024-01-18 16:00:00,1.08519,1.08701,1.08501,1.08617,71201.95
2024-01-18 20:00:00,1.08617,1.08804,1.08607,1.08799,19569.2375
2024-01-19 00:00:00,1.088,1.08896,1.08762,1.08889,24223.28
2024-01-19 04:00:00,1.0889,1.08894,1.08745,1.08794,31255.93
2024-01-19 08:00:00,1.08793,1.0893,1.08681,1.08873,47495.8
2024-01-19 12:00:00,1.08873,1.089,1.08656,1.08825,89647.82
2024-01-19 16:00:00,1.08824,1.08963,1.088,1.08922,52728.85
2024-01-19 20:00:00,1.08924,1.08983,1.08899,1.0896,13136.02
2024-01-21 20:00:00,1.08906,1.08976,1.08878,1.0892,5146.0
2024-01-22 00:00:00,1.0892,1.09091,1.08912,1.09019,24878.38
2024-01-22 04:00:00,1.09021,1.09094,1.08972,1.08977,28189.29
2024-01-22 08:00:00,1.08975,1.09023,1.08815,1.08898,51278.27
2024-01-22 12:00:00,1.08899,1.08995,1.088,1.08852,69121.3
2024-01-22 16:00:00,1.08851,1.09,1.08803,1.08847,37617.96
2024-01-22 20:00:00,1.08849,1.08854,1.08768,1.08772,22744.94
2024-01-23 00:00:00,1.08776,1.08949,1.08756,1.08927,28505.44
2024-01-23 04:00:00,1.08928,1.09162,1.08916,1.09083,43448.13
2024-01-23 08:00:00,1.09084,1.09105,1.086,1.08663,56746.71
2024-01-23 12:00:00,1.08663,1.08758,1.08215,1.08308,83010.83
2024-01-23 16:00:00,1.0831,1.08477,1.08244,1.08451,49202.69
2024-01-23 20:00:00,1.08452,1.08593,1.08435,1.08572,17423.38
2024-01-24 00:00:00,1.08573,1.08614,1.08514,1.08589,28162.31
2024-01-24 04:00:00,1.08592,1.08794,1.08581,1.08732,38141.74
2024-01-24 08:00:00,1.08733,1.09077,1.08625,1.08927,80575.03
2024-01-24 12:00:00,1.08928,1.09323,1.08874,1.09007,121981.27
2024-01-24 16:00:00,1.09007,1.09086,1.08813,1.08883,66384.72
2024-01-24 20:00:00,1.08882,1.08905,1.08776,1.0881,21999.43
2024-01-25 00:00:00,1.08811,1.08818,1.08702,1.08778,27701.92
2024-01-25 04:00:00,1.08777,1.08913,1.08744,1.08878,20548.16
2024-01-25 08:00:00,1.08877,1.08996,1.08828,1.08948,52964.13
2024-01-25 12:00:00,1.08949,1.09018,1.08293,1.08317,170131.48
2024-01-25 16:00:00,1.08316,1.08519,1.08216,1.08359,76395.1
2024-01-25 20:00:00,1.08358,1.08479,1.08334,1.08454,16338.54
2024-01-26 00:00:00,1.08455,1.08488,1.08373,1.08449,25538.67
2024-01-26 04:00:00,1.08449,1.08449,1.08128,1.08194,38861.76
2024-01-26 08:00:00,1.08193,1.08761,1.08173,1.08745,72776.39
2024-01-26 12:00:00,1.08745,1.08854,1.0855,1.08641,102966.86
2024-01-26 16:00:00,1.0864,1.08704,1.08537,1.08581,39554.89
2024-01-26 20:00:00,1.08582,1.08622,1.08502,1.08504,8943.89
2024-01-28 20:00:00,1.08468,1.0849,1.08414,1.08422,11513.13
2024-01-29 00:00:00,1.08423,1.08489,1.08393,1.08451,20764.46
2024-01-29 04:00:00,1.08452,1.085,1.08349,1.08371,24579.5
2024-01-29 08:00:00,1.0837,1.08418,1.08139,1.08228,48698.42
2024-01-29 12:00:00,1.08228,1.08368,1.07962,1.07972,63012.81
2024-01-29 16:00:00,1.07974,1.08199,1.07958,1.08189,34503.17
2024-01-29 20:00:00,1.08189,1.08404,1.08189,1.08336,29677.44
2024-01-30 00:00:00,1.08336,1.08422,1.08299,1.08305,27562.06
2024-01-30 04:00:00,1.08307,1.08335,1.08119,1.08227,35570.43
2024-01-30 08:00:00,1.08228,1.08481,1.08162,1.08419,59727.99
2024-01-30 12:00:00,1.08418,1.08573,1.08281,1.08369,103710.16
2024-01-30 16:00:00,1.08368,1.08471,1.08315,1.08459,43383.12
2024-01-30 20:00:00,1.0846,1.08485,1.08399,1.08428,19335.18
2024-01-31 00:00:00,1.08429,1.08481,1.08159,1.08186,35802.3
2024-01-31 04:00:00,1.08185,1.08222,1.0806,1.0816,27969.7
2024-01-31 08:00:00,1.08159,1.08404,1.08092,1.08389,66833.13
2024-01-31 12:00:00,1.0839,1.08874,1.08335,1.08613,127931.75
2024-01-31 16:00:00,1.08611,1.08678,1.08157,1.08403,125698.53
2024-01-31 20:00:00,1.08402,1.08417,1.07949,1.08039,60423.53
2024-02-01 00:00:00,1.08039,1.08217,1.08016,1.08116,35451.87
2024-02-01 04:00:00,1.08117,1.08135,1.07838,1.07932,37906.98
2024-02-01 08:00:00,1.07932,1.08132,1.07799,1.08083,74065.88
2024-02-01 12:00:00,1.08084,1.08318,1.08056,1.08264,152780.61
2024-02-01 16:00:00,1.08263,1.08748,1.08263,1.08718,97918.44
2024-02-01 20:00:00,1.08719,1.08761,1.08668,1.08742,22062.38
2024-02-02 00:00:00,1.08741,1.08796,1.08701,1.08767,29364.03
2024-02-02 04:00:00,1.08765,1.08869,1.08719,1.08808,35696.04
2024-02-02 08:00:00,1.08809,1.08974,1.08735,1.08835,49640.17
2024-02-02 12:00:00,1.08837,1.0886,1.07832,1.08023,139884.1
2024-02-02 16:00:00,1.08024,1.08037,1.07804,1.07925,73009.2
2024-02-02 20:00:00,1.07926,1.07974,1.07849,1.07849,14091.94
2024-02-04 20:00:00,1.07854,1.07858,1.07698,1.07796,10488.33
2024-02-05 00:00:00,1.07796,1.07831,1.07673,1.07791,42380.3
2024-02-05 04:00:00,1.0779,1.07847,1.07726,1.07802,29496.07
2024-02-05 08:00:00,1.07802,1.07861,1.07469,1.07548,57594.72
2024-02-05 12:00:00,1.07551,1.07575,1.07231,1.07252,86295.75
2024-02-05 16:00:00,1.07252,1.07465,1.07246,1.07429,37732.89
2024-02-05 20:00:00,1.07429,1.0744,1.07367,1.0741,16036.45
2024-02-06 00:00:00,1.07409,1.0749,1.07409,1.07439,23368.24
2024-02-06 04:00:00,1.07439,1.07623,1.07434,1.07517,30854.64
2024-02-06 08:00:00,1.07517,1.076,1.07242,1.07385,53723.85
2024-02-06 12:00:00,1.07384,1.07483,1.07225,1.07432,89259.24
2024-02-06 16:00:00,1.07431,1.07556,1.0739,1.07493,63483.5
2024-02-06 20:00:00,1.07494,1.07574,1.07492,1.07566,23459.58
2024-02-07 00:00:00,1.07569,1.07665,1.07559,1.07588,22572.77
2024-02-07 04:00:00,1.07587,1.07728,1.07566,1.07725,30693.53
2024-02-07 08:00:00,1.07725,1.07739,1.07578,1.07709,59532.31
2024-02-07 12:00:00,1.07709,1.07838,1.07556,1.07566,95016.25
2024-02-07 16:00:00,1.07567,1.07753,1.07562,1.07719,64013.6
2024-02-07 20:00:00,1.07718,1.0777,1.07679,1.07754,17019.86
2024-02-08 00:00:00,1.07754,1.07848,1.07744,1.07823,29917.6
2024-02-08 04:00:00,1.07822,1.07889,1.07767,1.078,31237.21
2024-02-08 08:00:00,1.07801,1.07855,1.0761,1.07629,49046.35
2024-02-08 12:00:00,1.0763,1.07675,1.07416,1.07611,86667.66
2024-02-08 16:00:00,1.07611,1.07827,1.07601,1.07747,43133.73
2024-02-08 20:00:00,1.07748,1.07799,1.07738,1.07776,15926.67
2024-02-09 00:00:00,1.07775,1.07786,1.07701,1.07708,24448.31
2024-02-09 04:00:00,1.07709,1.07827,1.07693,1.07801,21972.63
2024-02-09 08:00:00,1.07803,1.07847,1.07621,1.07716,54217.97
2024-02-09 12:00:00,1.07717,1.07951,1.0763,1.07863,115692.73
2024-02-09 16:00:00,1.07864,1.07908,1.07792,1.07825,36947.72
2024-02-09 20:00:00,1.07824,1.07885,1.07797,1.07821,8974.72
2024-02-11 20:00:00,1.07767,1.07983,1.07766,1.07979,12133.99
2024-02-12 00:00:00,1.0798,1.07997,1.07911,1.07918,21205.79
2024-02-12 04:00:00,1.07918,1.08055,1.07893,1.08031,18145.21
2024-02-12 08:00:00,1.0803,1.0803,1.0763,1.07693,45426.92
2024-02-12 12:00:00,1.07695,1.07741,1.07559,1.07674,57569.93
2024-02-12 16:00:00,1.07673,1.0786,1.07652,1.07693,42111.98
2024-02-12 20:00:00,1.07693,1.07751,1.07693,1.07717,12833.85
2024-02-13 00:00:00,1.07718,1.07744,1.07606,1.07617,16812.21
2024-02-13 04:00:00,1.07616,1.07776,1.07612,1.07712,21391.83
2024-02-13 08:00:00,1.07711,1.07818,1.07567,1.07778,53176.26
2024-02-13 12:00:00,1.07777,1.07985,1.07006,1.07166,134386.37
2024-02-13 16:00:00,1.07166,1.0722,1.07005,1.07012,52324.99
2024-02-13 20:00:00,1.07012,1.07116,1.07005,1.07083,16526.44
2024-02-14 00:00:00,1.07083,1.07144,1.07032,1.07126,25218.25
2024-02-14 04:00:00,1.07124,1.07186,1.0705,1.07075,30380.19
2024-02-14 08:00:00,1.07074,1.07103,1.06949,1.07078,52957.41
2024-02-14 12:00:00,1.07079,1.07252,1.0701,1.07212,82354.88
2024-02-14 16:00:00,1.07211,1.07344,1.07191,1.07281,48785.01
2024-02-14 20:00:00,1.07282,1.07322,1.07246,1.07319,17421.52
2024-02-15 00:00:00,1.07321,1.07354,1.0725,1.07256,22906.14
2024-02-15 04:00:00,1.07255,1.07413,1.07246,1.07328,29127.94
2024-02-15 08:00:00,1.07328,1.074,1.07279,1.07353,50205.05
2024-02-15 12:00:00,1.07354,1.07847,1.07353,1.07611,135273.07
2024-02-15 16:00:00,1.07611,1.07723,1.07552,1.07687,46853.7
2024-02-15 20:00:00,1.07687,1.07768,1.0768,1.07726,16400.9
2024-02-16 00:00:00,1.07726,1.07736,1.0759,1.07598,22466.24
2024-02-16 04:00:00,1.07599,1.07678,1.07573,1.07606,16822.82
2024-02-16 08:00:00,1.07607,1.078,1.07595,1.07775,35317.91
2024-02-16 12:00:00,1.07773,1.0778,1.07319,1.07707,114097.92
2024-02-16 16:00:00,1.0771,1.07874,1.07626,1.0777,54494.01
2024-02-16 20:00:00,1.0777,1.07778,1.07729,1.07749,17945.17
2024-02-18 20:00:00,1.07718,1.0785,1.07718,1.0784,4106.93
2024-02-19 00:00:00,1.07838,1.07889,1.0775,1.07754,21858.79
2024-02-19 04:00:00,1.07753,1.07894,1.07748,1.07826,18967.2
2024-02-19 08:00:00,1.0783,1.07873,1.07721,1.0777,37971.36
2024-02-19 12:00:00,1.07769,1.07794,1.07621,1.07674,30622.82
2024-02-19 16:00:00,1.07673,1.07836,1.07626,1.07783,10475.5
2024-02-19 20:00:00,1.07786,1.07823,1.07737,1.07754,7289.89
2024-02-20 00:00:00,1.07753,1.07769,1.07615,1.07678,30409.08
2024-02-20 04:00:00,1.07678,1.07748,1.07651,1.07697,27963.07
2024-02-20 08:00:00,1.07695,1.08094,1.07688,1.07983,68260.5
2024-02-20 12:00:00,1.07984,1.08387,1.07954,1.08226,94545.25
2024-02-20 16:00:00,1.08227,1.08248,1.08064,1.08064,39592.04
2024-02-20 20:00:00,1.08063,1.08126,1.08043,1.08098,16998.7
2024-02-21 00:00:00,1.081,1.08189,1.08055,1.08178,22732.65
2024-02-21 04:00:00,1.08179,1.08191,1.08064,1.08107,25646.26
2024-02-21 08:00:00,1.08106,1.08146,1.07899,1.0799,43006.83
2024-02-21 12:00:00,1.0799,1.08199,1.07964,1.08051,60731.71
2024-02-21 16:00:00,1.08051,1.08243,1.07999,1.08165,66075.1
2024-02-21 20:00:00,1.08164,1.08226,1.08124,1.08202,29186.28
2024-02-22 00:00:00,1.08201,1.08321,1.0819,1.08257,26036.3
2024-02-22 04:00:00,1.08258,1.08538,1.08252,1.08531,23321.86
2024-02-22 08:00:00,1.08531,1.08882,1.08448,1.08573,60541.53
2024-02-22 12:00:00,1.08572,1.08586,1.08026,1.08102,79466.04
2024-02-22 16:00:00,1.08101,1.08261,1.08088,1.08223,30101.4
2024-02-22 20:00:00,1.08224,1.08258,1.08174,1.08253,13033.41
2024-02-23 00:00:00,1.08253,1.08318,1.08149,1.08252,19568.85
2024-02-23 04:00:00,1.08253,1.08318,1.08213,1.08294,22433.6
2024-02-23 08:00:00,1.08295,1.08324,1.0814,1.08271,35297.21
2024-02-23 12:00:00,1.08271,1.08395,1.08117,1.08206,53448.12
2024-02-23 16:00:00,1.08206,1.08296,1.08149,1.08229,33637.4
2024-02-23 20:00:00,1.08229,1.08245,1.08174,1.08174,12345.84
2024-02-25 20:00:00,1.08318,1.08322,1.08182,1.0819,3850.15
2024-02-26 00:00:00,1.08188,1.08202,1.08126,1.08185,17129.22
2024-02-26 04:00:00,1.08185,1.08366,1.08175,1.08321,21906.1
2024-02-26 08:00:00,1.08322,1.0854,1.0827,1.08519,30536.81
2024-02-26 12:00:00,1.0852,1.08597,1.08386,1.08509,42914.24
2024-02-26 16:00:00,1.08509,1.08555,1.08397,1.08462,27007.27
2024-02-26 20:00:00,1.08462,1.08525,1.08461,1.08503,19380.15
2024-02-27 00:00:00,1.08504,1.08534,1.08454,1.08528,7124.35
2024-02-27 04:00:00,1.08529,1.08626,1.0847,1.0856,9244.08
2024-02-27 08:00:00,1.08558,1.08659,1.08418,1.08576,29230.0
2024-02-27 12:00:00,1.08576,1.0863,1.0833,1.08469,41958.74
2024-02-27 16:00:00,1.08469,1.08577,1.08408,1.08442,30841.64
2024-02-27 20:00:00,1.08441,1.08475,1.0841,1.0841,13822.88
2024-02-28 00:00:00,1.08411,1.08455,1.08328,1.08343,15929.52
2024-02-28 04:00:00,1.08344,1.08357,1.08164,1.08232,20361.46
2024-02-28 08:00:00,1.08233,1.08241,1.07966,1.08154,45245.35
2024-02-28 12:00:00,1.08154,1.08379,1.08067,1.08343,58467.24
2024-02-28 16:00:00,1.08342,1.08458,1.08312,1.08336,30553.82
2024-02-28 20:00:00,1.08336,1.08401,1.0833,1.08383,14103.01
2024-02-29 00:00:00,1.08384,1.08403,1.0828,1.08369,27238.45
2024-02-29 04:00:00,1.08368,1.08393,1.08259,1.08288,26918.24
2024-02-29 08:00:00,1.08288,1.08542,1.08285,1.08343,48245.01
2024-02-29 12:00:00,1.08343,1.08558,1.0819,1.08224,80214.99
2024-02-29 16:00:00,1.08223,1.0825,1.07958,1.08025,46666.36
2024-02-29 20:00:00,1.08025,1.08095,1.07998,1.08055,27825.72
2024-03-01 00:00:00,1.08055,1.08218,1.08052,1.08168,16684.45
2024-03-01 04:00:00,1.08169,1.08174,1.08082,1.08125,13161.69
2024-03-01 08:00:00,1.08127,1.08227,1.07984,1.08187,49106.96
2024-03-01 12:00:00,1.08187,1.08416,1.07981,1.0835,87583.07
2024-03-01 16:00:00,1.08349,1.08432,1.08233,1.08412,28800.82
2024-03-01 20:00:00,1.08412,1.08412,1.08333,1.08368,9900.51
2024-03-03 20:00:00,1.08359,1.0844,1.0835,1.08416,9784.9
2024-03-04 00:00:00,1.08417,1.0848,1.08385,1.08438,16027.75
2024-03-04 04:00:00,1.0844,1.08539,1.08428,1.08537,14221.2
2024-03-04 08:00:00,1.08537,1.08578,1.08377,1.08562,30625.14
2024-03-04 12:00:00,1.08562,1.08636,1.08401,1.08632,43636.67
2024-03-04 16:00:00,1.08633,1.08667,1.08553,1.08565,22818.49
2024-03-04 20:00:00,1.08565,1.08594,1.08526,1.08541,22632.27
2024-03-05 00:00:00,1.0854,1.08552,1.08475,1.08541,12711.47
2024-03-05 04:00:00,1.08542,1.08542,1.08414,1.08463,17836.16
2024-03-05 08:00:00,1.08464,1.08558,1.0843,1.08498,27126.65
2024-03-05 12:00:00,1.08498,1.0876,1.08403,1.08714,56373.8
2024-03-05 16:00:00,1.08715,1.08719,1.08513,1.08528,31397.4
2024-03-05 20:00:00,1.08528,1.08589,1.08489,1.08555,15377.86
2024-03-06 00:00:00,1.08554,1.08556,1.08421,1.08507,18662.21
2024-03-06 04:00:00,1.08507,1.08663,1.08495,1.08619,20911.32
2024-03-06 08:00:00,1.08619,1.08795,1.08592,1.08757,24675.65
2024-03-06 12:00:00,1.08757,1.09087,1.08675,1.09052,60313.88
2024-03-06 16:00:00,1.09053,1.09153,1.08933,1.08968,52537.58
2024-03-06 20:00:00,1.08967,1.09013,1.08928,1.08995,17013.725
2024-03-07 00:00:00,1.08994,1.09073,1.08936,1.09006,16488.83
2024-03-07 04:00:00,1.09005,1.09055,1.08912,1.08937,19372.94
2024-03-07 08:00:00,1.08938,1.09027,1.08876,1.08939,29454.21
2024-03-07 12:00:00,1.08939,1.09309,1.08678,1.09299,84803.68
2024-03-07 16:00:00,1.09299,1.09487,1.09247,1.09468,35024.37
2024-03-07 20:00:00,1.09469,1.09513,1.09426,1.09509,16393.91
2024-03-08 00:00:00,1.0951,1.09556,1.09442,1.09473,9886.51
2024-03-08 04:00:00,1.09476,1.0951,1.09318,1.09336,13816.0
2024-03-08 08:00:00,1.09336,1.0939,1.09261,1.09345,34256.16
2024-03-08 12:00:00,1.09346,1.09812,1.09183,1.09609,96204.28
2024-03-08 16:00:00,1.09609,1.09613,1.09334,1.09416,54627.98
2024-03-08 20:00:00,1.09417,1.09438,1.09345,1.09348,13428.06
2024-03-10 20:00:00,1.09411,1.09436,1.09359,1.09426,8995.56
2024-03-11 00:00:00,1.09427,1.09465,1.09373,1.09412,17587.87
2024-03-11 04:00:00,1.09411,1.09473,1.09353,1.09421,16173.81
2024-03-11 08:00:00,1.09419,1.0948,1.09329,1.09429,28598.99
2024-03-11 12:00:00,1.09427,1.09432,1.09145,1.09272,60698.32
2024-03-11 16:00:00,1.09273,1.09302,1.09182,1.09261,42529.88
2024-03-11 20:00:00,1.09262,1.09309,1.09195,1.09304,12183.95
2024-03-12 00:00:00,1.09306,1.09381,1.09267,1.09363,19394.37
2024-03-12 04:00:00,1.09362,1.09393,1.09315,1.09319,24527.78
2024-03-12 08:00:00,1.09318,1.09353,1.09212,1.09335,36044.5
2024-03-12 12:00:00,1.09334,1.09438,1.09023,1.09176,127525.13
2024-03-12 16:00:00,1.09176,1.09259,1.09127,1.09257,38726.73
2024-03-12 20:00:00,1.09257,1.09289,1.0925,1.09267,20964.68
2024-03-13 00:00:00,1.09268,1.09306,1.09233,1.09278,38101.79
2024-03-13 04:00:00,1.09278,1.09318,1.09207,1.09267,29418.6
2024-03-13 08:00:00,1.09267,1.09457,1.09201,1.0942,39327.56
2024-03-13 12:00:00,1.09421,1.09473,1.09313,1.09435,60439.75
2024-03-13 16:00:00,1.09434,1.09638,1.094,1.09472,46269.3
2024-03-13 20:00:00,1.09472,1.0953,1.0947,1.0953,13555.7
2024-03-14 00:00:00,1.09529,1.09547,1.09413,1.09422,20191.35
2024-03-14 04:00:00,1.09421,1.0943,1.09317,1.09352,29583.91
2024-03-14 08:00:00,1.09352,1.09454,1.09351,1.09414,37860.59
2024-03-14 12:00:00,1.09415,1.09447,1.08829,1.08876,100048.64
2024-03-14 16:00:00,1.08876,1.08926,1.08806,1.0891,39789.3
2024-03-14 20:00:00,1.0891,1.08918,1.08817,1.08827,23433.2
2024-03-15 00:00:00,1.08828,1.08845,1.0873,1.08769,21787.79
2024-03-15 04:00:00,1.08768,1.08847,1.08732,1.08808,22342.16
2024-03-15 08:00:00,1.08807,1.08996,1.0878,1.08935,35489.94
2024-03-15 12:00:00,1.08935,1.08948,1.08814,1.08876,65382.2
2024-03-15 16:00:00,1.08876,1.08913,1.08834,1.08892,32508.03
2024-03-15 20:00:00,1.08892,1.08899,1.08861,1.08869,5213.41
2024-03-17 20:00:00,1.08905,1.08911,1.08817,1.08835,7451.51
2024-03-18 00:00:00,1.08836,1.08917,1.08805,1.08854,22796.54
2024-03-18 04:00:00,1.08853,1.08965,1.08852,1.08924,20206.04
2024-03-18 08:00:00,1.08922,1.09061,1.08908,1.09024,28760.36
2024-03-18 12:00:00,1.09023,1.09049,1.0881,1.08853,39255.81
2024-03-18 16:00:00,1.08853,1.08853,1.08661,1.08693,25807.49
2024-03-18 20:00:00,1.08692,1.08739,1.08691,1.08732,10516.53
2024-03-19 00:00:00,1.08732,1.08763,1.08667,1.08738,25531.73
2024-03-19 04:00:00,1.08739,1.08765,1.08516,1.08547,32832.68
2024-03-19 08:00:00,1.08546,1.08561,1.08347,1.08503,28622.63
2024-03-19 12:00:00,1.08504,1.08654,1.08457,1.08584,55045.04
2024-03-19 16:00:00,1.08584,1.08676,1.08545,1.08648,26523.49
2024-03-19 20:00:00,1.08647,1.0867,1.08616,1.08616,17741.49
2024-03-20 00:00:00,1.08617,1.08711,1.08582,1.08699,19132.46
2024-03-20 04:00:00,1.08699,1.0872,1.08648,1.08655,20197.78
2024-03-20 08:00:00,1.08654,1.08654,1.08364,1.08425,31010.42
2024-03-20 12:00:00,1.08427,1.08561,1.08373,1.08546,30321.09
2024-03-20 16:00:00,1.08546,1.09227,1.08535,1.09209,98693.7
2024-03-20 20:00:00,1.09209,1.09374,1.09179,1.09373,22594.46
2024-03-21 00:00:00,1.09373,1.09389,1.09307,1.0935,21019.89
2024-03-21 04:00:00,1.09349,1.09426,1.09256,1.09287,18121.17
2024-03-21 08:00:00,1.09283,1.09284,1.08872,1.09096,48289.14
2024-03-21 12:00:00,1.09097,1.0917,1.08556,1.08604,63522.19
2024-03-21 16:00:00,1.08603,1.08661,1.08554,1.08567,25128.17
2024-03-21 20:00:00,1.08567,1.08628,1.08566,1.08618,11125.46
2024-03-22 00:00:00,1.08622,1.08679,1.08359,1.08379,30733.63
2024-03-22 04:00:00,1.08379,1.08419,1.08209,1.08246,28653.09
2024-03-22 08:00:00,1.08246,1.08294,1.08081,1.0816,34366.95
2024-03-22 12:00:00,1.08162,1.08317,1.08104,1.08158,56446.69
2024-03-22 16:00:00,1.08157,1.0817,1.08017,1.08056,26199.81
2024-03-22 20:00:00,1.08056,1.08096,1.08049,1.08065,5600.0
2024-03-24 20:00:00,1.08068,1.08104,1.08046,1.08071,4197.02
2024-03-25 00:00:00,1.08071,1.0822,1.08021,1.08135,26345.32
2024-03-25 04:00:00,1.08134,1.08228,1.08106,1.08137,21113.92
2024-03-25 08:00:00,1.08138,1.08295,1.08071,1.08284,26593.34
2024-03-25 12:00:00,1.08282,1.08424,1.08279,1.08366,33749.07
2024-03-25 16:00:00,1.08366,1.08399,1.0833,1.08391,15069.9
2024-03-25 20:00:00,1.08393,1.08409,1.08347,1.0837,17238.17
2024-03-26 00:00:00,1.0837,1.08454,1.08358,1.08367,15028.44
2024-03-26 04:00:00,1.08368,1.08529,1.08364,1.08422,20510.21
2024-03-26 08:00:00,1.08421,1.08643,1.08386,1.08568,34112.21
2024-03-26 12:00:00,1.08569,1.08593,1.08252,1.08281,49554.43
2024-03-26 16:00:00,1.0828,1.08357,1.08242,1.08286,21568.02
2024-03-26 20:00:00,1.08287,1.08331,1.08284,1.08325,8711.46
2024-03-27 00:00:00,1.08326,1.08327,1.08205,1.08261,19771.03
2024-03-27 04:00:00,1.08262,1.08337,1.08229,1.08262,19180.51
2024-03-27 08:00:00,1.08262,1.0839,1.0818,1.08209,36066.47
2024-03-27 12:00:00,1.08209,1.08224,1.08108,1.08203,38153.74
2024-03-27 16:00:00,1.08202,1.08275,1.08174,1.0827,21208.6
2024-03-27 20:00:00,1.0827,1.0829,1.08101,1.08123,15379.55
2024-03-28 00:00:00,1.08123,1.0826,1.0808,1.08216,17444.36
2024-03-28 04:00:00,1.08215,1.08265,1.08003,1.08007,13548.22
2024-03-28 08:00:00,1.08008,1.0802,1.07751,1.07839,29374.21
2024-03-28 12:00:00,1.07839,1.08188,1.07835,1.08013,72353.32
2024-03-28 16:00:00,1.08012,1.08052,1.07846,1.07879,27656.59
2024-03-28 20:00:00,1.07878,1.07935,1.07849,1.07911,36106.57
2024-03-29 00:00:00,1.07912,1.07913,1.07736,1.07743,26034.98
2024-03-29 04:00:00,1.07743,1.07815,1.07678,1.0768,16838.69
2024-03-29 08:00:00,1.0768,1.07916,1.07679,1.07867,34999.19
2024-03-29 12:00:00,1.07868,1.08051,1.07796,1.07919,50377.14
2024-03-29 16:00:00,1.0792,1.07931,1.07867,1.07904,22384.62
2024-03-29 20:00:00,1.07904,1.07951,1.07898,1.07898,15789.21
2024-03-31 20:00:00,1.07882,1.07965,1.07848,1.0793,8405.0725
2024-04-01 00:00:00,1.07932,1.07987,1.07847,1.07903,12557.77
2024-04-01 04:00:00,1.07902,1.07921,1.07827,1.07859,11520.78
2024-04-01 08:00:00,1.07859,1.07915,1.07796,1.07839,17226.16
2024-04-01 12:00:00,1.0784,1.07857,1.07309,1.07326,53970.25
2024-04-01 16:00:00,1.07327,1.0744,1.07312,1.07418,22119.04
2024-04-01 20:00:00,1.07418,1.07446,1.07355,1.07372,11069.32
2024-04-02 00:00:00,1.0737,1.07388,1.07295,1.073,22147.77
2024-04-02 04:00:00,1.07302,1.07427,1.07246,1.07418,27843.17
2024-04-02 08:00:00,1.07419,1.07535,1.07264,1.07515,37121.2
2024-04-02 12:00:00,1.07515,1.0779,1.07455,1.07689,72667.95
2024-04-02 16:00:00,1.07689,1.07702,1.07601,1.0768,20198.29
2024-04-02 20:00:00,1.07679,1.07734,1.07657,1.07679,8720.75
2024-04-03 00:00:00,1.07678,1.07793,1.07658,1.07772,17566.5
2024-04-03 04:00:00,1.07773,1.0778,1.0764,1.07705,26714.31
2024-04-03 08:00:00,1.07704,1.07849,1.07651,1.07838,27026.82
2024-04-03 12:00:00,1.0784,1.08305,1.0773,1.08266,83826.05
2024-04-03 16:00:00,1.08268,1.08368,1.08202,1.08334,32853.93
2024-04-03 20:00:00,1.08334,1.08407,1.08312,1.0838,10958.83
2024-04-04 00:00:00,1.0838,1.08444,1.08347,1.08425,18524.33
2024-04-04 04:00:00,1.08425,1.08583,1.08389,1.08571,36680.09
2024-04-04 08:00:00,1.08569,1.08654,1.08508,1.08527,30767.8
2024-04-04 12:00:00,1.08529,1.08765,1.08507,1.08648,46614.99
2024-04-04 16:00:00,1.08649,1.0867,1.08332,1.08336,49746.7
2024-04-04 20:00:00,1.08336,1.08412,1.08317,1.08364,22476.76
2024-04-05 00:00:00,1.08363,1.08439,1.08233,1.08267,28764.14
2024-04-05 04:00:00,1.08266,1.08409,1.08224,1.08391,31341.11
2024-04-05 08:00:00,1.0839,1.08463,1.08307,1.08349,26016.53
2024-04-05 12:00:00,1.0835,1.08479,1.07913,1.08402,106698.77
2024-04-05 16:00:00,1.08401,1.08444,1.08306,1.08354,30352.92
2024-04-05 20:00:00,1.08354,1.08376,1.08337,1.08352,6422.56
2024-04-07 20:00:00,1.08347,1.08379,1.08272,1.08297,6612.67
2024-04-08 00:00:00,1.08297,1.08432,1.0823,1.08333,30701.31
2024-04-08 04:00:00,1.08334,1.08377,1.08284,1.08322,25819.68
2024-04-08 08:00:00,1.08321,1.08351,1.08208,1.08237,33330.45
2024-04-08 12:00:00,1.08237,1.08589,1.08215,1.08526,52572.17
2024-04-08 16:00:00,1.08526,1.08621,1.08467,1.08567,16959.64
2024-04-08 20:00:00,1.08567,1.08634,1.08528,1.0862,14253.28
2024-04-09 00:00:00,1.0862,1.08635,1.0854,1.08553,18464.95
2024-04-09 04:00:00,1.08554,1.08626,1.08512,1.08531,25714.89
2024-04-09 08:00:00,1.08534,1.08728,1.0849,1.08613,30336.44
2024-04-09 12:00:00,1.08614,1.0885,1.08522,1.08556,56650.68
2024-04-09 16:00:00,1.08555,1.086,1.08477,1.08566,21149.99
2024-04-09 20:00:00,1.08565,1.08597,1.08554,1.08588,13442.56
2024-04-10 00:00:00,1.08587,1.08588,1.08509,1.08529,18463.13
2024-04-10 04:00:00,1.0853,1.0857,1.08477,1.08553,23105.76
2024-04-10 08:00:00,1.08552,1.08665,1.08513,1.08556,25986.64
2024-04-10 12:00:00,1.08555,1.08646,1.07334,1.07366,133014.0
2024-04-10 16:00:00,1.07367,1.07542,1.07288,1.07438,54575.76
2024-04-10 20:00:00,1.07436,1.07456,1.07392,1.0741,9760.74
2024-04-11 00:00:00,1.07411,1.07489,1.07383,1.07446,19035.83
2024-04-11 04:00:00,1.07446,1.07471,1.07265,1.0743,26988.46
2024-04-11 08:00:00,1.07432,1.07498,1.07255,1.07285,37766.77
2024-04-11 12:00:00,1.07283,1.07564,1.06992,1.0721,111439.73
2024-04-11 16:00:00,1.07212,1.07345,1.07135,1.07288,35422.27
2024-04-11 20:00:00,1.07287,1.07293,1.07238,1.0726,5197.9
2024-04-12 00:00:00,1.0726,1.07281,1.07153,1.0717,14717.78
2024-04-12 04:00:00,1.07171,1.07174,1.06742,1.06842,34546.32
2024-04-12 08:00:00,1.06842,1.06852,1.06439,1.06509,36636.79
2024-04-12 12:00:00,1.0651,1.06556,1.06226,1.06467,75327.21
2024-04-12 16:00:00,1.06467,1.06505,1.06372,1.06382,35660.99
2024-04-12 20:00:00,1.06381,1.06442,1.06371,1.06385,4000.1
2024-04-14 20:00:00,1.06352,1.06514,1.06309,1.0646,11819.8
2024-04-15 00:00:00,1.06461,1.06549,1.06391,1.06519,20557.73
2024-04-15 04:00:00,1.06519,1.06648,1.0647,1.06581,30609.14
2024-04-15 08:00:00,1.0658,1.06651,1.06515,1.06548,33139.93
2024-04-15 12:00:00,1.06548,1.06607,1.06218,1.06434,90496.74
2024-04-15 16:00:00,1.06433,1.06474,1.06202,1.06264,41891.94
2024-04-15 20:00:00,1.06263,1.06284,1.06209,1.06247,13149.6
2024-04-16 00:00:00,1.06246,1.06253,1.06061,1.06113,28301.99
2024-04-16 04:00:00,1.06114,1.06228,1.06023,1.06178,34523.27
2024-04-16 08:00:00,1.06179,1.06473,1.06125,1.06424,42409.9
2024-04-16 12:00:00,1.06424,1.06535,1.06216,1.06278,96397.87
2024-04-16 16:00:00,1.06276,1.0635,1.0601,1.06219,67017.03
2024-04-16 20:00:00,1.06218,1.06251,1.06126,1.0621,12119.64
2024-04-17 00:00:00,1.0621,1.06355,1.06171,1.06271,12966.77
2024-04-17 04:00:00,1.06272,1.06378,1.0606,1.06253,18645.37
2024-04-17 08:00:00,1.06253,1.06491,1.0624,1.06355,37673.25
2024-04-17 12:00:00,1.06356,1.06528,1.063,1.06429,54459.65
2024-04-17 16:00:00,1.06429,1.06796,1.0636,1.06712,56093.06
2024-04-17 20:00:00,1.06712,1.06751,1.0668,1.06689,8093.72
2024-04-18 00:00:00,1.0669,1.06802,1.06643,1.06799,16087.39
2024-04-18 04:00:00,1.06799,1.069,1.06749,1.0681,20663.42
2024-04-18 08:00:00,1.0681,1.06839,1.06699,1.06772,25922.06
2024-04-18 12:00:00,1.06771,1.06796,1.06464,1.06598,75678.72
2024-04-18 16:00:00,1.06599,1.06617,1.06419,1.06436,30430.64
2024-04-18 20:00:00,1.06436,1.06457,1.06402,1.06425,9022.05
2024-04-19 00:00:00,1.06424,1.06446,1.06104,1.06371,77593.28
2024-04-19 04:00:00,1.06372,1.06592,1.0627,1.06554,57809.54
2024-04-19 08:00:00,1.06553,1.06621,1.0643,1.06517,40375.11
2024-04-19 12:00:00,1.06519,1.06775,1.06496,1.06548,73094.31
2024-04-19 16:00:00,1.06548,1.06596,1.06401,1.06547,30921.01
2024-04-19 20:00:00,1.06546,1.06578,1.06523,1.06526,3189.97
2024-04-21 20:00:00,1.06495,1.06614,1.06456,1.06575,5360.68
2024-04-22 00:00:00,1.06577,1.06706,1.06527,1.06617,18288.3
2024-04-22 04:00:00,1.06617,1.06691,1.06524,1.06584,18372.31
2024-04-22 08:00:00,1.06584,1.06623,1.0633,1.06351,32180.04
2024-04-22 12:00:00,1.06351,1.06479,1.06239,1.06471,39195.99
2024-04-22 16:00:00,1.06471,1.06607,1.06461,1.06519,18292.57
2024-04-22 20:00:00,1.06518,1.06558,1.06504,1.06537,6366.74
2024-04-23 00:00:00,1.06537,1.06605,1.06534,1.06561,12443.33
2024-04-23 04:00:00,1.06561,1.0695,1.06385,1.06793,33388.8
2024-04-23 08:00:00,1.06786,1.06831,1.06532,1.06745,37942.71
2024-04-23 12:00:00,1.06746,1.07112,1.066,1.06946,75373.42
2024-04-23 16:00:00,1.06946,1.07076,1.06922,1.07028,16203.67
2024-04-23 20:00:00,1.07028,1.07044,1.06995,1.07024,6594.1
2024-04-24 00:00:00,1.07025,1.07142,1.07002,1.07062,16718.98
2024-04-24 04:00:00,1.07062,1.07088,1.06849,1.06881,22942.67
2024-04-24 08:00:00,1.06881,1.06925,1.06808,1.06891,21146.32
2024-04-24 12:00:00,1.06891,1.07025,1.06779,1.06863,52994.11
2024-04-24 16:00:00,1.06863,1.07065,1.06833,1.07006,25490.45
2024-04-24 20:00:00,1.07006,1.07006,1.06928,1.06999,9049.27
2024-04-25 00:00:00,1.07001,1.07087,1.06969,1.07058,9688.72
2024-04-25 04:00:00,1.07058,1.07277,1.07051,1.07209,16868.96
2024-04-25 08:00:00,1.0721,1.07297,1.07171,1.07202,24658.56
2024-04-25 12:00:00,1.07201,1.07402,1.06783,1.07203,102087.09
2024-04-25 16:00:00,1.07202,1.07387,1.0715,1.07294,28010.16
2024-04-25 20:00:00,1.07292,1.07308,1.07263,1.07267,3860.72
2024-04-26 00:00:00,1.07267,1.07291,1.07185,1.07231,15947.01
2024-04-26 04:00:00,1.07231,1.07387,1.0721,1.07295,19202.89
2024-04-26 08:00:00,1.07293,1.07527,1.07151,1.07158,49530.9
2024-04-26 12:00:00,1.07157,1.07416,1.06738,1.06854,73996.65
2024-04-26 16:00:00,1.06854,1.07072,1.06838,1.06999,16276.69
2024-04-26 20:00:00,1.06998,1.07016,1.06908,1.06911,3962.88
2024-04-28 20:00:00,1.06898,1.0707,1.06898,1.07069,8217.09
2024-04-29 00:00:00,1.0707,1.07199,1.07061,1.07162,27424.56
2024-04-29 04:00:00,1.07161,1.07337,1.07081,1.07177,81895.05
2024-04-29 08:00:00,1.07172,1.07271,1.06973,1.07144,38606.96
2024-04-29 12:00:00,1.07143,1.07236,1.06902,1.07167,42632.99
2024-04-29 16:00:00,1.07166,1.07295,1.07151,1.0721,34308.8
2024-04-29 20:00:00,1.07211,1.0723,1.07141,1.07147,7086.75
2024-04-30 00:00:00,1.07146,1.07178,1.07026,1.07054,17260.34
2024-04-30 04:00:00,1.07055,1.07098,1.06899,1.07051,28535.0
2024-04-30 08:00:00,1.0705,1.07353,1.06929,1.07201,38519.18
2024-04-30 12:00:00,1.07199,1.07239,1.06831,1.06837,90962.57
2024-04-30 16:00:00,1.06836,1.06867,1.06717,1.06725,23919.48
2024-04-30 20:00:00,1.06725,1.06734,1.06635,1.06659,11382.64
2024-05-01 00:00:00,1.0666,1.06671,1.06558,1.06564,11647.49
2024-05-01 04:00:00,1.06565,1.06617,1.06494,1.06609,19369.43
2024-05-01 08:00:00,1.0661,1.06732,1.0661,1.06717,19381.47
2024-05-01 12:00:00,1.06718,1.06913,1.06715,1.06792,45447.2
2024-05-01 16:00:00,1.06789,1.07326,1.06707,1.06895,101274.25
2024-05-01 20:00:00,1.06892,1.07229,1.06867,1.0717,26166.73
2024-05-02 00:00:00,1.0717,1.07207,1.07069,1.07146,24893.26
2024-05-02 04:00:00,1.07147,1.07281,1.07122,1.07153,36363.4
2024-05-02 08:00:00,1.07153,1.07191,1.06955,1.07023,36234.78
2024-05-02 12:00:00,1.07024,1.07122,1.06742,1.07049,74018.7
2024-05-02 16:00:00,1.07052,1.07302,1.07018,1.07271,27883.55
2024-05-02 20:00:00,1.07271,1.07308,1.07227,1.07298,8747.51
2024-05-03 00:00:00,1.073,1.07393,1.07243,1.07348,20563.86
2024-05-03 04:00:00,1.07349,1.07381,1.07244,1.07345,29694.06
2024-05-03 08:00:00,1.07344,1.07496,1.07323,1.07455,25060.59
2024-05-03 12:00:00,1.07456,1.08124,1.07436,1.07691,133027.93
2024-05-03 16:00:00,1.0769,1.07732,1.07592,1.07641,21630.4
2024-05-03 20:00:00,1.07641,1.07667,1.07594,1.07594,3614.69
2024-05-05 20:00:00,1.076,1.07646,1.07575,1.07583,4344.63
2024-05-06 00:00:00,1.07582,1.07715,1.07553,1.07648,18222.8
2024-05-06 04:00:00,1.07647,1.07695,1.07593,1.07614,22999.67
2024-05-06 08:00:00,1.07615,1.07761,1.07576,1.07725,25375.96
2024-05-06 12:00:00,1.07724,1.07907,1.07722,1.07788,32373.46
2024-05-06 16:00:00,1.07787,1.07788,1.07666,1.07674,19453.83
2024-05-06 20:00:00,1.07676,1.07709,1.07656,1.07672,5670.65
2024-05-07 00:00:00,1.07671,1.07768,1.07607,1.07687,21196.27
2024-05-07 04:00:00,1.07687,1.07696,1.07542,1.07647,27048.19
2024-05-07 08:00:00,1.07644,1.07702,1.07552,1.07666,26762.11
2024-05-07 12:00:00,1.07666,1.07873,1.0764,1.07666,36308.81
2024-05-07 16:00:00,1.07668,1.07742,1.07478,1.07564,24973.94
2024-05-07 20:00:00,1.07565,1.07565,1.07473,1.07498,6996.82
2024-05-08 00:00:00,1.07498,1.07541,1.0738,1.07411,21634.49
2024-05-08 04:00:00,1.07411,1.0749,1.07371,1.07385,19452.02
2024-05-08 08:00:00,1.07385,1.07539,1.0735,1.0746,29019.83
2024-05-08 12:00:00,1.07462,1.07574,1.07397,1.07548,31742.45
2024-05-08 16:00:00,1.07547,1.07548,1.07409,1.07453,20301.29
2024-05-08 20:00:00,1.07454,1.07505,1.07438,1.07468,7022.81
2024-05-09 00:00:00,1.07468,1.07515,1.07423,1.07476,14576.15
2024-05-09 04:00:00,1.07477,1.07504,1.07296,1.07346,21489.27
2024-05-09 08:00:00,1.07345,1.07384,1.07239,1.07273,30570.76
2024-05-09 12:00:00,1.07272,1.07817,1.0727,1.07703,60840.71
2024-05-09 16:00:00,1.07704,1.07844,1.07703,1.07823,18245.24
2024-05-09 20:00:00,1.07822,1.07858,1.078,1.07817,4983.24
2024-05-10 00:00:00,1.07817,1.07825,1.07731,1.0776,15128.4
2024-05-10 04:00:00,1.07761,1.0784,1.07715,1.0781,21111.03
2024-05-10 08:00:00,1.07812,1.07866,1.07752,1.07792,28728.81
2024-05-10 12:00:00,1.07791,1.079,1.07603,1.07721,40683.39
2024-05-10 16:00:00,1.07721,1.07793,1.07695,1.07718,14574.21
2024-05-10 20:00:00,1.07717,1.07722,1.07684,1.07694,2610.84
2024-05-12 20:00:00,1.07721,1.07752,1.07663,1.07702,6523.05
2024-05-13 00:00:00,1.07701,1.07731,1.07658,1.07716,19548.42
2024-05-13 04:00:00,1.07715,1.07798,1.07687,1.07757,19125.63
2024-05-13 08:00:00,1.07756,1.07944,1.07735,1.07892,21443.46
2024-05-13 12:00:00,1.07892,1.08068,1.07888,1.07953,37386.26
2024-05-13 16:00:00,1.07952,1.07989,1.07867,1.07889,11388.15
2024-05-13 20:00:00,1.0789,1.07935,1.07859,1.0792,3805.13
2024-05-14 00:00:00,1.07922,1.07922,1.07843,1.07876,5423.08
2024-05-14 04:00:00,1.07876,1.07893,1.07828,1.07871,8584.7
2024-05-14 08:00:00,1.07871,1.07989,1.07753,1.07925,26742.42
2024-05-14 12:00:00,1.07927,1.08256,1.07669,1.08182,65139.04
2024-05-14 16:00:00,1.08179,1.0823,1.08137,1.082,12518.5
2024-05-14 20:00:00,1.08201,1.08209,1.08136,1.08138,6185.28
2024-05-15 00:00:00,1.08137,1.08277,1.0813,1.08261,6789.35
2024-05-15 04:00:00,1.08261,1.08324,1.08205,1.08258,12741.65
2024-05-15 08:00:00,1.08258,1.08345,1.08218,1.08293,19064.6
2024-05-15 12:00:00,1.08293,1.08744,1.0828,1.08597,90321.01
2024-05-15 16:00:00,1.08598,1.08829,1.08561,1.08817,21492.35
2024-05-15 20:00:00,1.08817,1.08901,1.08784,1.08883,9225.41
2024-05-16 00:00:00,1.08883,1.08949,1.08814,1.08872,22245.72
2024-05-16 04:00:00,1.08872,1.08872,1.0873,1.08745,25631.33
2024-05-16 08:00:00,1.08743,1.08764,1.08617,1.08666,19320.99
2024-05-16 12:00:00,1.08667,1.08757,1.08544,1.08751,48232.11
2024-05-16 16:00:00,1.08751,1.08754,1.08658,1.08669,18225.5
2024-05-16 20:00:00,1.08668,1.08691,1.08637,1.08677,5705.64
2024-05-17 00:00:00,1.08679,1.08688,1.08543,1.0859,14499.48
2024-05-17 04:00:00,1.08588,1.08683,1.08554,1.08588,18974.27
2024-05-17 08:00:00,1.08588,1.08594,1.08356,1.08431,21626.29
2024-05-17 12:00:00,1.08432,1.08784,1.0839,1.08686,32891.24
2024-05-17 16:00:00,1.08686,1.08768,1.08671,1.08724,17346.79
2024-05-17 20:00:00,1.08726,1.08727,1.08674,1.08674,3855.71
2024-05-19 20:00:00,1.08664,1.08741,1.0864,1.08724,4133.39
2024-05-20 00:00:00,1.08725,1.08786,1.08689,1.08779,13993.7
2024-05-20 04:00:00,1.0878,1.08844,1.08693,1.0873,22801.62
2024-05-20 08:00:00,1.08729,1.08763,1.08598,1.086,17666.1
2024-05-20 12:00:00,1.08602,1.08697,1.0854,1.08605,35874.57
2024-05-20 16:00:00,1.08606,1.08706,1.08591,1.08597,14267.62
2024-05-20 20:00:00,1.08596,1.08607,1.08553,1.08602,5528.93
2024-05-21 00:00:00,1.08603,1.08618,1.08509,1.08559,23492.44
2024-05-21 04:00:00,1.08557,1.08669,1.08552,1.08644,21647.3
2024-05-21 08:00:00,1.08643,1.08747,1.08598,1.08682,29578.73
2024-05-21 12:00:00,1.08685,1.08706,1.08425,1.08539,60576.19
2024-05-21 16:00:00,1.08539,1.08566,1.08463,1.08558,15328.14
2024-05-21 20:00:00,1.08559,1.08594,1.08531,1.0854,8182.28
2024-05-22 00:00:00,1.08539,1.08633,1.08536,1.08556,21182.05
2024-05-22 04:00:00,1.08557,1.08633,1.08501,1.08576,29161.41
2024-05-22 08:00:00,1.08577,1.0858,1.08219,1.08274,29286.08
2024-05-22 12:00:00,1.08274,1.08422,1.08264,1.08361,40430.87
2024-05-22 16:00:00,1.08361,1.08469,1.08174,1.08209,34255.3
2024-05-22 20:00:00,1.0821,1.08269,1.08202,1.0825,6367.48
2024-05-23 00:00:00,1.08251,1.08312,1.08219,1.08303,14612.71
2024-05-23 04:00:00,1.08302,1.08346,1.08124,1.0829,29230.1
2024-05-23 08:00:00,1.0829,1.08525,1.08282,1.08505,31223.68
2024-05-23 12:00:00,1.08506,1.0861,1.08203,1.08262,69098.97
2024-05-23 16:00:00,1.08261,1.08311,1.08048,1.08101,30472.46
2024-05-23 20:00:00,1.08099,1.08158,1.08086,1.08116,4957.08
2024-05-24 00:00:00,1.08115,1.08137,1.08056,1.08063,10139.53
2024-05-24 04:00:00,1.08063,1.08257,1.08054,1.08243,12539.96
2024-05-24 08:00:00,1.08243,1.08441,1.08197,1.08409,23217.39
2024-05-24 12:00:00,1.08409,1.08558,1.08375,1.08512,54320.48
2024-05-24 16:00:00,1.08511,1.08578,1.08459,1.08488,15622.53
2024-05-24 20:00:00,1.08488,1.08492,1.08442,1.0846,2653.89
2024-05-26 20:00:00,1.0845,1.08513,1.0843,1.08466,3254.15
2024-05-27 00:00:00,1.08467,1.08519,1.08466,1.0849,12034.68
2024-05-27 04:00:00,1.08492,1.08524,1.08442,1.08504,10038.06
2024-05-27 08:00:00,1.08505,1.08674,1.0845,1.08573,20771.05
2024-05-27 12:00:00,1.08576,1.086,1.08405,1.08595,30748.45
2024-05-27 16:00:00,1.08595,1.08619,1.08571,1.08597,6280.74
2024-05-27 20:00:00,1.08597,1.08618,1.08521,1.08614,5276.04
2024-05-28 00:00:00,1.08615,1.08785,1.08608,1.08784,27688.03
2024-05-28 04:00:00,1.08784,1.088,1.08716,1.08774,28650.38
2024-05-28 08:00:00,1.08773,1.0889,1.0867,1.0884,27301.34
2024-05-28 12:00:00,1.0884,1.08846,1.08578,1.08781,47540.65
2024-05-28 16:00:00,1.08782,1.08788,1.08551,1.08611,24627.41
2024-05-28 20:00:00,1.08611,1.08614,1.08511,1.08512,10571.04
2024-05-29 00:00:00,1.08512,1.08569,1.08457,1.08471,17729.41
2024-05-29 04:00:00,1.0847,1.08588,1.08439,1.0852,24255.13
2024-05-29 08:00:00,1.08519,1.08562,1.08291,1.08496,39704.57
2024-05-29 12:00:00,1.08495,1.08585,1.08088,1.08109,53043.71
2024-05-29 16:00:00,1.08109,1.08173,1.07999,1.08017,23000.69
2024-05-29 20:00:00,1.08018,1.08054,1.07996,1.08011,7556.13
2024-05-30 00:00:00,1.08011,1.08044,1.07938,1.07979,24313.07
2024-05-30 04:00:00,1.07979,1.08112,1.07883,1.08084,36530.75
2024-05-30 08:00:00,1.08083,1.08216,1.08033,1.08184,31407.02
2024-05-30 12:00:00,1.08182,1.08451,1.08129,1.08362,64660.33
2024-05-30 16:00:00,1.08364,1.08433,1.08268,1.08301,18787.48
2024-05-30 20:00:00,1.083,1.08343,1.0827,1.08312,7397.68
2024-05-31 00:00:00,1.08312,1.08335,1.08112,1.08191,20295.49
2024-05-31 04:00:00,1.08193,1.08255,1.08145,1.08228,27117.61
2024-05-31 08:00:00,1.08227,1.08552,1.08225,1.08526,30317.03
2024-05-31 12:00:00,1.08526,1.08822,1.08416,1.08459,77331.29
2024-05-31 16:00:00,1.0846,1.08526,1.08397,1.0851,24119.54
2024-05-31 20:00:00,1.0851,1.08521,1.08438,1.0845,2894.31
2024-06-02 20:00:00,1.08462,1.08544,1.08453,1.08526,7738.47
2024-06-03 00:00:00,1.08526,1.08587,1.08493,1.08497,17094.78
2024-06-03 04:00:00,1.08497,1.08587,1.08397,1.08398,26837.22
2024-06-03 08:00:00,1.08397,1.08448,1.08278,1.08432,31028.31
2024-06-03 12:00:00,1.08433,1.08904,1.08405,1.08896,58066.19
2024-06-03 16:00:00,1.08895,1.08999,1.08812,1.08999,30452.36
2024-06-03 20:00:00,1.08998,1.09098,1.08995,1.09071,10013.63
2024-06-04 00:00:00,1.09072,1.0916,1.09051,1.09074,17988.68
2024-06-04 04:00:00,1.09074,1.09108,1.08847,1.08901,30368.58
2024-06-04 08:00:00,1.08902,1.08907,1.0859,1.08615,42013.17
2024-06-04 12:00:00,1.08615,1.08835,1.08615,1.08776,56250.74
2024-06-04 16:00:00,1.08777,1.08877,1.08774,1.08809,29193.41
2024-06-04 20:00:00,1.08809,1.08819,1.08778,1.08817,5221.22
2024-06-05 00:00:00,1.08816,1.0886,1.08766,1.08784,16140.11
2024-06-05 04:00:00,1.08783,1.08822,1.08708,1.08715,23936.87
2024-06-05 08:00:00,1.08715,1.08772,1.08599,1.0868,25092.77
2024-06-05 12:00:00,1.08682,1.08915,1.08618,1.08648,70899.2
2024-06-05 16:00:00,1.08648,1.08773,1.08544,1.0874,13355.0
2024-06-05 20:00:00,1.08742,1.08744,1.08679,1.08739,5228.72
2024-06-06 00:00:00,1.08738,1.08957,1.08738,1.08906,15654.06
2024-06-06 04:00:00,1.08906,1.08907,1.08758,1.08782,24663.56
2024-06-06 08:00:00,1.0878,1.0882,1.08619,1.08675,21194.82
2024-06-06 12:00:00,1.08676,1.0902,1.08643,1.08819,70322.98
2024-06-06 16:00:00,1.0882,1.08942,1.08798,1.08892,16535.1
2024-06-06 20:00:00,1.08892,1.08933,1.08873,1.08916,7752.33
2024-06-07 00:00:00,1.08915,1.08978,1.08867,1.08945,24221.52
2024-06-07 04:00:00,1.08944,1.08983,1.0888,1.08926,31823.76
2024-06-07 08:00:00,1.08927,1.09018,1.08831,1.08982,44938.6
2024-06-07 12:00:00,1.08984,1.09012,1.08041,1.08064,94416.81
2024-06-07 16:00:00,1.08065,1.08122,1.08,1.08002,25904.69
2024-06-07 20:00:00,1.08003,1.08038,1.07993,1.08017,2354.9
2024-06-09 20:00:00,1.07783,1.07798,1.07644,1.07788,10918.14
2024-06-10 00:00:00,1.07788,1.07814,1.07554,1.07555,11532.77
2024-06-10 04:00:00,1.07554,1.07663,1.07478,1.07644,25444.42
2024-06-10 08:00:00,1.07644,1.07681,1.07327,1.07536,42395.71
2024-06-10 12:00:00,1.07537,1.07603,1.07332,1.075,42209.58
2024-06-10 16:00:00,1.07501,1.07656,1.075,1.0763,32487.24
2024-06-10 20:00:00,1.07629,1.07681,1.07594,1.07633,7417.0
2024-06-11 00:00:00,1.07635,1.0769,1.07612,1.07685,18017.17
2024-06-11 04:00:00,1.07683,1.07734,1.0761,1.0764,25135.39
2024-06-11 08:00:00,1.07639,1.07645,1.07237,1.07289,58128.86
2024-06-11 12:00:00,1.0729,1.07366,1.07194,1.07323,53431.96
2024-06-11 16:00:00,1.07324,1.07493,1.07324,1.07401,17652.62
2024-06-11 20:00:00,1.07401,1.07427,1.0739,1.07399,6856.42
2024-06-12 00:00:00,1.07398,1.07432,1.07346,1.07402,25201.5
2024-06-12 04:00:00,1.07401,1.0747,1.07355,1.07444,24077.62
2024-06-12 08:00:00,1.07445,1.07654,1.07441,1.07642,27454.69
2024-06-12 12:00:00,1.07643,1.08521,1.07621,1.08423,88098.21
2024-06-12 16:00:00,1.08424,1.0848,1.08036,1.08065,123926.92
2024-06-12 20:00:00,1.08065,1.0815,1.0804,1.08127,11154.21
2024-06-13 00:00:00,1.08126,1.08157,1.08038,1.08068,22252.5
2024-06-13 04:00:00,1.08068,1.08163,1.08004,1.08142,25401.44
2024-06-13 08:00:00,1.08141,1.08144,1.07826,1.07832,35792.04
2024-06-13 12:00:00,1.07832,1.08162,1.07533,1.07553,86297.52
2024-06-13 16:00:00,1.07553,1.07556,1.07328,1.07406,31041.26
2024-06-13 20:00:00,1.07405,1.07432,1.07335,1.07374,6731.7
2024-06-14 00:00:00,1.07374,1.07449,1.07353,1.07401,20804.4
2024-06-14 04:00:00,1.07401,1.07409,1.0706,1.07075,48396.16
2024-06-14 08:00:00,1.07075,1.07117,1.06717,1.06938,74621.29
2024-06-14 12:00:00,1.06939,1.06998,1.06676,1.06987,74349.2
2024-06-14 16:00:00,1.06986,1.0706,1.0693,1.07059,19608.35
2024-06-14 20:00:00,1.0706,1.07075,1.06975,1.07025,3272.54
2024-06-16 20:00:00,1.07028,1.07089,1.06995,1.07025,9709.81
2024-06-17 00:00:00,1.07026,1.07072,1.06989,1.07036,20309.9
2024-06-17 04:00:00,1.07037,1.07088,1.06863,1.07006,40801.05
2024-06-17 08:00:00,1.07005,1.07178,1.06995,1.07094,45149.01
2024-06-17 12:00:00,1.07095,1.07247,1.0707,1.07222,43672.51
2024-06-17 16:00:00,1.07223,1.07378,1.07207,1.07321,25895.48
2024-06-17 20:00:00,1.07322,1.0741,1.07304,1.07398,4042.17
2024-06-18 00:00:00,1.074,1.07407,1.07209,1.07246,11786.16
2024-06-18 04:00:00,1.07246,1.07351,1.07182,1.07233,21156.26
2024-06-18 08:00:00,1.07232,1.07256,1.07099,1.07162,38213.53
2024-06-18 12:00:00,1.07163,1.07615,1.07106,1.07385,68198.64
2024-06-18 16:00:00,1.07387,1.07433,1.07321,1.07389,20144.93
2024-06-18 20:00:00,1.07389,1.07411,1.07359,1.07386,2971.35
2024-06-19 00:00:00,1.07385,1.07423,1.07353,1.07377,9355.76
2024-06-19 04:00:00,1.07377,1.07414,1.07248,1.07367,18140.39
2024-06-19 08:00:00,1.07367,1.07533,1.07325,1.07508,39484.8
2024-06-19 12:00:00,1.07509,1.07529,1.07408,1.07492,23360.8
2024-06-19 16:00:00,1.07491,1.07491,1.07424,1.07448,3229.01
2024-06-19 20:00:00,1.07445,1.07487,1.07412,1.0747,4771.66
2024-06-20 00:00:00,1.07469,1.07483,1.07388,1.07419,21357.44
2024-06-20 04:00:00,1.07419,1.07449,1.07243,1.07247,21546.25
2024-06-20 08:00:00,1.07246,1.07321,1.07126,1.07147,38268.67
2024-06-20 12:00:00,1.07147,1.07307,1.0707,1.07073,59186.67
2024-06-20 16:00:00,1.07072,1.07177,1.07033,1.0705,25517.12
2024-06-20 20:00:00,1.0705,1.07075,1.07012,1.07059,6503.76
2024-06-21 00:00:00,1.07059,1.07175,1.07033,1.07162,25848.87
2024-06-21 04:00:00,1.07162,1.07205,1.0671,1.06777,40618.6
2024-06-21 08:00:00,1.06776,1.06981,1.06759,1.06889,41787.31
2024-06-21 12:00:00,1.0689,1.06977,1.06779,1.06936,61331.41
2024-06-21 16:00:00,1.06937,1.06968,1.06895,1.06916,17322.88
2024-06-21 20:00:00,1.06916,1.0695,1.0691,1.06918,3225.32
2024-06-23 20:00:00,1.06849,1.06955,1.06849,1.06877,6850.18
2024-06-24 00:00:00,1.06878,1.06936,1.06837,1.06916,12260.67
2024-06-24 04:00:00,1.06916,1.07149,1.06914,1.07125,7025.24
2024-06-24 08:00:00,1.07126,1.07358,1.07088,1.07357,39265.21
2024-06-24 12:00:00,1.07357,1.07463,1.07233,1.0727,49240.55
2024-06-24 16:00:00,1.07272,1.07382,1.0722,1.07361,18661.39
2024-06-24 20:00:00,1.07358,1.07373,1.07308,1.07322,7725.97
2024-06-25 00:00:00,1.07322,1.07394,1.07319,1.07385,15033.08
2024-06-25 04:00:00,1.07385,1.07441,1.07208,1.0727,25339.41
2024-06-25 08:00:00,1.07269,1.07358,1.07091,1.07093,31083.96
2024-06-25 12:00:00,1.07093,1.07149,1.06906,1.07039,45746.94
2024-06-25 16:00:00,1.0704,1.07175,1.0702,1.07159,18162.19
2024-06-25 20:00:00,1.07159,1.07159,1.07072,1.07091,7979.11
2024-06-26 00:00:00,1.0709,1.07179,1.07061,1.0711,17641.39
2024-06-26 04:00:00,1.07109,1.07115,1.06852,1.06938,26451.75
2024-06-26 08:00:00,1.06937,1.06998,1.06795,1.0694,35878.89
2024-06-26 12:00:00,1.06941,1.06958,1.0666,1.06818,68738.12
2024-06-26 16:00:00,1.06818,1.06908,1.0675,1.0681,23477.62
2024-06-26 20:00:00,1.06809,1.0682,1.06776,1.06797,5880.13
2024-06-27 00:00:00,1.06798,1.06923,1.0677,1.06908,20845.6
2024-06-27 04:00:00,1.06907,1.06989,1.06882,1.06901,27803.54
2024-06-27 08:00:00,1.06901,1.07043,1.06805,1.06927,39021.97
2024-06-27 12:00:00,1.06928,1.07264,1.06927,1.07069,72954.4
2024-06-27 16:00:00,1.0707,1.07101,1.07012,1.07028,24283.42
2024-06-27 20:00:00,1.07028,1.07092,1.07027,1.07076,6810.88
2024-06-28 00:00:00,1.07078,1.07108,1.06852,1.06921,24767.1
2024-06-28 04:00:00,1.06921,1.0704,1.06856,1.06969,26703.94
2024-06-28 08:00:00,1.06968,1.07116,1.0692,1.06971,40103.91
2024-06-28 12:00:00,1.06971,1.07221,1.06924,1.07112,101062.96
2024-06-28 16:00:00,1.07112,1.07246,1.07061,1.07111,23661.34
2024-06-28 20:00:00,1.07111,1.07145,1.07078,1.07119,7315.24
2024-06-30 20:00:00,1.07438,1.07455,1.0732,1.07349,9805.2
2024-07-01 00:00:00,1.0735,1.07615,1.07348,1.07528,35468.69
2024-07-01 04:00:00,1.07527,1.07763,1.07513,1.07545,46107.06
2024-07-01 08:00:00,1.07544,1.0772,1.07426,1.07489,36217.01
2024-07-01 12:00:00,1.07487,1.07697,1.07197,1.07269,65107.43
2024-07-01 16:00:00,1.07272,1.07392,1.07242,1.07384,22467.41
2024-07-01 20:00:00,1.07384,1.07426,1.07347,1.07365,11354.06
2024-07-02 00:00:00,1.07364,1.07385,1.07308,1.07322,19564.35
2024-07-02 04:00:00,1.07323,1.07357,1.0712,1.07181,32965.96
2024-07-02 08:00:00,1.07181,1.07246,1.071,1.07239,32624.53
2024-07-02 12:00:00,1.07239,1.07469,1.07239,1.07363,72957.02
2024-07-02 16:00:00,1.07362,1.07465,1.07306,1.07462,17117.0
2024-07-02 20:00:00,1.0746,1.07491,1.07408,1.0748,8842.33
2024-07-03 00:00:00,1.0748,1.07542,1.07404,1.07435,19697.53
2024-07-03 04:00:00,1.07434,1.07617,1.07363,1.07595,29704.81
2024-07-03 08:00:00,1.07595,1.07635,1.07525,1.07576,34526.19
2024-07-03 12:00:00,1.07576,1.08168,1.07549,1.07987,75922.83
2024-07-03 16:00:00,1.07987,1.08003,1.07781,1.07848,19169.88
2024-07-03 20:00:00,1.07848,1.07916,1.07833,1.0791,3613.0
2024-07-04 00:00:00,1.0791,1.07949,1.07836,1.07852,13723.59
2024-07-04 04:00:00,1.07852,1.07965,1.07847,1.07944,20792.72
2024-07-04 08:00:00,1.07943,1.0803,1.07939,1.0797,25866.53
2024-07-04 12:00:00,1.07969,1.08138,1.07948,1.08106,21240.43
2024-07-04 16:00:00,1.08107,1.08137,1.08096,1.08129,6621.64
2024-07-04 20:00:00,1.08129,1.0814,1.08093,1.08103,5530.95
2024-07-05 00:00:00,1.08105,1.08245,1.08102,1.08218,13885.7
2024-07-05 04:00:00,1.08216,1.08302,1.08164,1.0829,23357.93
2024-07-05 08:00:00,1.08289,1.08319,1.08184,1.0819,27946.97
2024-07-05 12:00:00,1.0819,1.08423,1.07993,1.08277,113925.53
2024-07-05 16:00:00,1.08278,1.08426,1.08232,1.08414,18955.2
2024-07-05 20:00:00,1.08412,1.08412,1.08363,1.0837,4130.04
2024-07-07 20:00:00,1.08014,1.08329,1.07998,1.08256,15078.61
2024-07-08 00:00:00,1.08255,1.08363,1.0819,1.08314,32113.6
2024-07-08 04:00:00,1.08314,1.08382,1.08146,1.08368,46668.22
2024-07-08 08:00:00,1.08369,1.0843,1.08235,1.08334,35787.48
2024-07-08 12:00:00,1.08335,1.0845,1.08311,1.08346,49350.08
2024-07-08 16:00:00,1.08345,1.08361,1.08223,1.0825,19898.92
2024-07-08 20:00:00,1.0825,1.08313,1.08226,1.08305,6079.78
2024-07-09 00:00:00,1.08307,1.08333,1.08192,1.08281,20240.84
2024-07-09 04:00:00,1.08283,1.08311,1.0817,1.08174,32983.22
2024-07-09 08:00:00,1.08174,1.08283,1.08121,1.08137,35290.5
2024-07-09 12:00:00,1.08138,1.08282,1.08054,1.08125,69813.9
2024-07-09 16:00:00,1.08126,1.08162,1.08058,1.08142,25090.27
2024-07-09 20:00:00,1.08143,1.08165,1.08124,1.08142,5826.31
2024-07-10 00:00:00,1.08142,1.0821,1.08108,1.08199,23379.67
2024-07-10 04:00:00,1.082,1.08249,1.08147,1.08161,29397.26
2024-07-10 08:00:00,1.08161,1.08269,1.08118,1.08256,31953.73
2024-07-10 12:00:00,1.08255,1.08288,1.08199,1.08223,49481.81
2024-07-10 16:00:00,1.08224,1.08295,1.08173,1.08287,23698.77
2024-07-10 20:00:00,1.08287,1.08365,1.08254,1.08333,8232.92
2024-07-11 00:00:00,1.08332,1.084,1.08325,1.08379,16869.47
2024-07-11 04:00:00,1.08379,1.08399,1.08322,1.08394,15453.81
2024-07-11 08:00:00,1.08396,1.08577,1.08382,1.08547,23880.24
2024-07-11 12:00:00,1.08547,1.08999,1.08443,1.08697,148470.89
2024-07-11 16:00:00,1.08697,1.08705,1.08597,1.08647,36034.7
2024-07-11 20:00:00,1.08645,1.08743,1.08614,1.0874,13025.14
2024-07-12 00:00:00,1.0874,1.08744,1.08634,1.08687,28447.46
2024-07-12 04:00:00,1.08686,1.08761,1.08617,1.08754,25328.18
2024-07-12 08:00:00,1.08754,1.08922,1.08753,1.08876,38781.18
2024-07-12 12:00:00,1.08876,1.09109,1.08734,1.09012,99314.6
2024-07-12 16:00:00,1.09011,1.09113,1.09005,1.09063,19596.71
2024-07-12 20:00:00,1.09066,1.0908,1.09039,1.09054,5370.52
2024-07-14 20:00:00,1.08852,1.0895,1.08818,1.08856,11550.11
2024-07-15 00:00:00,1.08857,1.08956,1.08833,1.0894,10186.67
2024-07-15 04:00:00,1.0894,1.08963,1.08837,1.08956,20340.82
2024-07-15 08:00:00,1.08956,1.09203,1.08956,1.09055,51750.16
2024-07-15 12:00:00,1.09055,1.09222,1.0902,1.09118,63968.04
2024-07-15 16:00:00,1.09118,1.09171,1.08932,1.08987,52858.28
2024-07-15 20:00:00,1.08988,1.08991,1.08935,1.08981,13960.55
2024-07-16 00:00:00,1.0898,1.08981,1.08887,1.0893,24699.55
2024-07-16 04:00:00,1.08929,1.09003,1.08836,1.08992,38674.7
2024-07-16 08:00:00,1.08992,1.09041,1.08938,1.09021,53770.52
2024-07-16 12:00:00,1.0902,1.09054,1.08715,1.08844,69632.12
2024-07-16 16:00:00,1.08845,1.09029,1.08812,1.09018,18873.85
2024-07-16 20:00:00,1.09017,1.09029,1.08975,1.0902,11891.83
2024-07-17 00:00:00,1.09019,1.09068,1.08955,1.09061,22013.52
2024-07-17 04:00:00,1.09062,1.09134,1.0895,1.09083,47940.61
2024-07-17 08:00:00,1.09085,1.0945,1.09075,1.09347,64552.09
2024-07-17 12:00:00,1.09345,1.0948,1.09275,1.09324,72681.73
2024-07-17 16:00:00,1.09323,1.09397,1.09237,1.09362,27151.79
2024-07-17 20:00:00,1.09362,1.0941,1.09352,1.09402,10394.25
2024-07-18 00:00:00,1.09402,1.09407,1.09321,1.09328,31260.59
2024-07-18 04:00:00,1.09329,1.09382,1.09261,1.09314,35995.23
2024-07-18 08:00:00,1.09314,1.09388,1.09262,1.09276,31987.28
2024-07-18 12:00:00,1.09275,1.09369,1.0905,1.09123,80906.65
2024-07-18 16:00:00,1.09122,1.09164,1.08935,1.0897,41692.86
2024-07-18 20:00:00,1.0897,1.09017,1.08951,1.09003,8808.04
2024-07-19 00:00:00,1.09002,1.09003,1.08863,1.08883,27917.6
2024-07-19 04:00:00,1.08883,1.08905,1.08818,1.08878,33835.24
2024-07-19 08:00:00,1.08877,1.08932,1.08761,1.08931,44453.94
2024-07-19 12:00:00,1.08932,1.08941,1.08792,1.08879,61183.43
2024-07-19 16:00:00,1.08882,1.08911,1.08756,1.08793,27187.53
2024-07-19 20:00:00,1.08793,1.08836,1.08779,1.08779,4860.32
2024-07-21 20:00:00,1.08861,1.09027,1.08807,1.08988,13140.67
2024-07-22 00:00:00,1.08988,1.08998,1.08846,1.08915,24652.9
2024-07-22 04:00:00,1.08916,1.08927,1.08788,1.08871,46059.64
2024-07-22 08:00:00,1.08871,1.08953,1.08838,1.08857,41121.71
2024-07-22 12:00:00,1.08856,1.08884,1.0873,1.08798,53508.8
2024-07-22 16:00:00,1.08797,1.08917,1.08788,1.08872,20412.41
2024-07-22 20:00:00,1.08872,1.08933,1.08862,1.08889,6842.66
2024-07-23 00:00:00,1.08888,1.08967,1.0887,1.08941,24007.49
2024-07-23 04:00:00,1.08941,1.08947,1.08739,1.0876,37596.35
2024-07-23 08:00:00,1.0876,1.08824,1.0856,1.0857,42203.25
2024-07-23 12:00:00,1.08569,1.08634,1.08438,1.08542,53653.81
2024-07-23 16:00:00,1.08543,1.08578,1.08492,1.08507,22624.78
2024-07-23 20:00:00,1.08508,1.08563,1.08485,1.08496,9319.92
2024-07-24 00:00:00,1.08495,1.08503,1.08416,1.0845,26814.62
2024-07-24 04:00:00,1.08451,1.08537,1.08256,1.0829,54541.47
2024-07-24 08:00:00,1.0829,1.08489,1.08257,1.08461,41388.15
2024-07-24 12:00:00,1.08464,1.08664,1.08456,1.08527,71106.6
2024-07-24 16:00:00,1.08528,1.08549,1.08359,1.08389,27417.41
2024-07-24 20:00:00,1.08388,1.0842,1.08374,1.08378,6922.74
2024-07-25 00:00:00,1.08379,1.08439,1.08349,1.08427,30801.96
2024-07-25 04:00:00,1.08427,1.08531,1.08282,1.08487,43799.85
2024-07-25 08:00:00,1.08487,1.08588,1.08433,1.08457,59879.18
2024-07-25 12:00:00,1.08456,1.08646,1.08302,1.08598,93753.49
2024-07-25 16:00:00,1.08599,1.08699,1.08454,1.08459,37072.18
2024-07-25 20:00:00,1.08459,1.08514,1.08434,1.08513,9688.63
2024-07-26 00:00:00,1.08514,1.08604,1.08514,1.08583,20886.71
2024-07-26 04:00:00,1.08582,1.08607,1.08449,1.08491,31544.21
2024-07-26 08:00:00,1.08491,1.08614,1.0842,1.0861,31782.48
2024-07-26 12:00:00,1.08611,1.08681,1.08484,1.08579,54451.81
2024-07-26 16:00:00,1.08579,1.08669,1.08554,1.08577,20458.35
2024-07-26 20:00:00,1.08576,1.08578,1.08547,1.08547,3863.79
2024-07-28 20:00:00,1.08553,1.08599,1.08527,1.08527,8300.38
2024-07-29 00:00:00,1.08524,1.087,1.08508,1.08622,22589.96
2024-07-29 04:00:00,1.08623,1.08637,1.08432,1.08445,26508.42
2024-07-29 08:00:00,1.08443,1.08443,1.08167,1.08177,35257.3
2024-07-29 12:00:00,1.08178,1.08239,1.08028,1.08189,56544.83
2024-07-29 16:00:00,1.0819,1.08259,1.08149,1.08237,16023.51
2024-07-29 20:00:00,1.08238,1.08238,1.08182,1.0819,7318.96
2024-07-30 00:00:00,1.08191,1.08224,1.08142,1.08221,15425.49
2024-07-30 04:00:00,1.0822,1.08268,1.08163,1.08187,33146.35
2024-07-30 08:00:00,1.08187,1.08356,1.0816,1.08242,34215.82
2024-07-30 12:00:00,1.0824,1.08259,1.07982,1.08087,68169.62
2024-07-30 16:00:00,1.08088,1.08176,1.08068,1.08106,33376.25
2024-07-30 20:00:00,1.08107,1.08178,1.08085,1.08157,12753.0636
2024-07-31 00:00:00,1.08156,1.08302,1.08127,1.0822,40758.67
2024-07-31 04:00:00,1.0822,1.08268,1.08115,1.08181,55601.75
2024-07-31 08:00:00,1.08181,1.08401,1.08065,1.08281,51944.64
2024-07-31 12:00:00,1.08281,1.08493,1.08172,1.08231,85250.35
2024-07-31 16:00:00,1.08228,1.08329,1.08019,1.08227,66149.93
2024-07-31 20:00:00,1.08226,1.08309,1.08169,1.08238,10458.13
2024-08-01 00:00:00,1.08235,1.08345,1.08232,1.08328,32808.21
2024-08-01 04:00:00,1.08328,1.08354,1.07991,1.08009,48140.6
2024-08-01 08:00:00,1.08009,1.08021,1.07774,1.07918,53720.99
2024-08-01 12:00:00,1.07919,1.08182,1.07836,1.07886,112295.47
2024-08-01 16:00:00,1.07887,1.07967,1.07802,1.07897,50722.97
2024-08-01 20:00:00,1.07897,1.07932,1.07863,1.07864,17831.52
2024-08-02 00:00:00,1.07864,1.07951,1.07818,1.0793,37844.43
2024-08-02 04:00:00,1.07931,1.08087,1.07861,1.0804,59217.94
2024-08-02 08:00:00,1.08041,1.08372,1.08031,1.08312,59204.77
2024-08-02 12:00:00,1.08313,1.09265,1.08292,1.09132,148247.95
2024-08-02 16:00:00,1.09132,1.09166,1.09032,1.09126,51715.82
2024-08-02 20:00:00,1.09127,1.09147,1.0908,1.09098,3790.64
2024-08-04 20:00:00,1.09225,1.09234,1.09028,1.09103,18971.81
2024-08-05 00:00:00,1.09104,1.09311,1.09068,1.09305,67451.01
2024-08-05 04:00:00,1.09305,1.0967,1.08923,1.09487,173937.87
2024-08-05 08:00:00,1.09488,1.09748,1.0933,1.09629,115116.19
2024-08-05 12:00:00,1.09628,1.10088,1.09559,1.09561,186729.8
2024-08-05 16:00:00,1.09561,1.09643,1.09472,1.09587,74831.52
2024-08-05 20:00:00,1.0959,1.09619,1.09462,1.09505,23466.61
2024-08-06 00:00:00,1.09506,1.09631,1.09437,1.0954,52465.74
2024-08-06 04:00:00,1.09541,1.09558,1.09218,1.09268,108783.76
2024-08-06 08:00:00,1.09267,1.0935,1.09037,1.09167,80371.63
2024-08-06 12:00:00,1.09166,1.09348,1.09046,1.09251,98096.78
2024-08-06 16:00:00,1.09253,1.09335,1.09207,1.09299,41744.36
2024-08-06 20:00:00,1.09298,1.09321,1.09238,1.09259,11405.94
2024-08-07 00:00:00,1.09259,1.09305,1.09109,1.09157,21848.89
2024-08-07 04:00:00,1.09157,1.09278,1.09053,1.09222,25935.97
2024-08-07 08:00:00,1.09222,1.09279,1.09085,1.09232,50455.18
2024-08-07 12:00:00,1.09233,1.09366,1.09124,1.09246,59906.97
2024-08-07 16:00:00,1.09246,1.09271,1.09174,1.09233,46922.17
2024-08-07 20:00:00,1.09233,1.09338,1.09173,1.09273,17798.48
2024-08-08 00:00:00,1.09275,1.09354,1.09235,1.09348,18439.27
2024-08-08 04:00:00,1.09348,1.09451,1.09298,1.09399,26689.75
2024-08-08 08:00:00,1.09399,1.09443,1.09208,1.09304,33551.86
2024-08-08 12:00:00,1.09305,1.09325,1.08814,1.0913,100069.2
2024-08-08 16:00:00,1.0913,1.09188,1.0905,1.09159,46609.58
2024-08-08 20:00:00,1.09159,1.09193,1.091,1.09149,6826.04
2024-08-09 00:00:00,1.09147,1.09243,1.09114,1.09228,14748.39
2024-08-09 04:00:00,1.09228,1.0929,1.09175,1.09218,20745.78
2024-08-09 08:00:00,1.09218,1.09257,1.09112,1.0916,34587.72
2024-08-09 12:00:00,1.09159,1.09313,1.0909,1.09241,43853.39
2024-08-09 16:00:00,1.0924,1.09245,1.09151,1.09187,20709.89
2024-08-09 20:00:00,1.09186,1.09194,1.09148,1.09167,3954.79
2024-08-11 20:00:00,1.09142,1.09196,1.091,1.09127,7496.49
2024-08-12 00:00:00,1.09125,1.0923,1.09116,1.0914,15118.83
2024-08-12 04:00:00,1.09138,1.09284,1.09136,1.09221,28444.21
2024-08-12 08:00:00,1.09223,1.09299,1.0916,1.09259,28437.64
2024-08-12 12:00:00,1.09259,1.09393,1.09152,1.09279,48125.27
2024-08-12 16:00:00,1.09278,1.0935,1.09218,1.09314,23531.88
2024-08-12 20:00:00,1.09314,1.09363,1.09249,1.09361,6703.92
2024-08-13 00:00:00,1.0936,1.09384,1.09292,1.09369,14757.06
2024-08-13 04:00:00,1.09369,1.09411,1.09262,1.09301,26246.67
2024-08-13 08:00:00,1.093,1.09322,1.09137,1.09302,27291.5
2024-08-13 12:00:00,1.09301,1.09623,1.09254,1.09535,51745.99
2024-08-13 16:00:00,1.09536,1.09996,1.09529,1.09959,44488.37
2024-08-13 20:00:00,1.0996,1.09989,1.09754,1.09959,17419.36
2024-08-14 00:00:00,1.09958,1.09971,1.09887,1.099,31799.67
2024-08-14 04:00:00,1.099,1.10079,1.09863,1.10057,31595.59
2024-08-14 08:00:00,1.10056,1.10286,1.10025,1.10225,36214.11
2024-08-14 12:00:00,1.10227,1.10473,1.10039,1.10231,84076.7
2024-08-14 16:00:00,1.10232,1.10241,1.10108,1.10129,35857.35
2024-08-14 20:00:00,1.1013,1.10154,1.10097,1.10116,9383.42
2024-08-15 00:00:00,1.10117,1.10142,1.1003,1.1008,17420.26
2024-08-15 04:00:00,1.10082,1.10154,1.10075,1.10134,22257.96
2024-08-15 08:00:00,1.10132,1.10141,1.10033,1.10133,20935.31
2024-08-15 12:00:00,1.10132,1.10142,1.09495,1.09854,80911.51
2024-08-15 16:00:00,1.09855,1.09892,1.09715,1.09741,31341.4
2024-08-15 20:00:00,1.0974,1.09748,1.09703,1.09723,8097.03
2024-08-16 00:00:00,1.09723,1.09825,1.09718,1.0977,14993.63
2024-08-16 04:00:00,1.09771,1.09866,1.0976,1.0985,22951.15
2024-08-16 08:00:00,1.09853,1.09949,1.09788,1.09921,31365.5
2024-08-16 12:00:00,1.09922,1.10044,1.09826,1.0996,46676.98
2024-08-16 16:00:00,1.0996,1.10247,1.09956,1.10244,21229.51
2024-08-16 20:00:00,1.10245,1.10296,1.10201,1.10211,5016.74
2024-08-18 20:00:00,1.10265,1.1034,1.10227,1.10246,7464.12
2024-08-19 00:00:00,1.10246,1.10403,1.10231,1.10389,21819.33
2024-08-19 04:00:00,1.1039,1.10501,1.10365,1.10427,35441.95
2024-08-19 08:00:00,1.10428,1.10504,1.10308,1.10422,41520.61
2024-08-19 12:00:00,1.10424,1.10735,1.10301,1.10691,63528.74
2024-08-19 16:00:00,1.10691,1.10863,1.10671,1.10836,30867.09
2024-08-19 20:00:00,1.10835,1.10875,1.10804,1.10854,10385.63
2024-08-20 00:00:00,1.10855,1.10871,1.1075,1.10755,28066.65
2024-08-20 04:00:00,1.10756,1.1087,1.10719,1.10866,47424.36
2024-08-20 08:00:00,1.10868,1.10888,1.10749,1.10808,53493.15
2024-08-20 12:00:00,1.10809,1.11168,1.10804,1.11051,92428.8
2024-08-20 16:00:00,1.11057,1.11273,1.11041,1.11245,48758.01
2024-08-20 20:00:00,1.11248,1.11317,1.11236,1.11275,14530.75
2024-08-21 00:00:00,1.11274,1.11325,1.11171,1.1121,18874.6
2024-08-21 04:00:00,1.1121,1.11287,1.11103,1.11142,32091.62
2024-08-21 08:00:00,1.11143,1.11259,1.111,1.11147,29727.79
2024-08-21 12:00:00,1.11149,1.11476,1.10992,1.1142,67403.95
2024-08-21 16:00:00,1.11421,1.1174,1.11415,1.11516,22687.21
2024-08-21 20:00:00,1.11517,1.1158,1.11468,1.11548,7447.96
2024-08-22 00:00:00,1.11549,1.11567,1.11404,1.11446,14473.98
2024-08-22 04:00:00,1.11446,1.11646,1.11272,1.11367,23261.6
2024-08-22 08:00:00,1.11367,1.11509,1.1132,1.11367,26434.33
2024-08-22 12:00:00,1.11368,1.11431,1.1098,1.1113,44130.43
2024-08-22 16:00:00,1.1113,1.11175,1.10987,1.11084,17624.13
2024-08-22 20:00:00,1.11083,1.11177,1.11071,1.1116,6264.24
2024-08-23 00:00:00,1.11159,1.11286,1.11129,1.11247,13475.07
2024-08-23 04:00:00,1.11248,1.11318,1.11124,1.11192,15827.4
2024-08-23 08:00:00,1.11193,1.11271,1.11109,1.11189,18768.48
2024-08-23 12:00:00,1.11188,1.1196,1.11055,1.11753,59126.74
2024-08-23 16:00:00,1.11753,1.12008,1.11642,1.11911,25967.29
2024-08-23 20:00:00,1.11909,1.11941,1.11874,1.1191,2740.64
2024-08-25 20:00:00,1.11854,1.11948,1.11854,1.11892,5784.6
2024-08-26 00:00:00,1.11892,1.12015,1.11815,1.11834,17318.21
2024-08-26 04:00:00,1.11834,1.11892,1.11757,1.11807,19247.61
2024-08-26 08:00:00,1.11808,1.11848,1.1163,1.11652,38320.79
2024-08-26 12:00:00,1.11651,1.11788,1.115,1.11636,65379.39
2024-08-26 16:00:00,1.11635,1.11753,1.11586,1.11595,39413.44
2024-08-26 20:00:00,1.11596,1.11668,1.11575,1.11644,11037.85
2024-08-27 00:00:00,1.11646,1.11706,1.11595,1.11667,22147.67
2024-08-27 04:00:00,1.11667,1.11724,1.11612,1.1164,28700.14
2024-08-27 08:00:00,1.11638,1.11786,1.11605,1.11605,29664.06
2024-08-27 12:00:00,1.11606,1.11718,1.11501,1.11597,56626.8
2024-08-27 16:00:00,1.11597,1.11905,1.11595,1.11842,21972.72
2024-08-27 20:00:00,1.11841,1.11858,1.11747,1.11769,6003.86
2024-08-28 00:00:00,1.11769,1.118,1.11624,1.11657,11186.59
2024-08-28 04:00:00,1.11657,1.11679,1.11351,1.11562,22485.26
2024-08-28 08:00:00,1.11561,1.11593,1.11173,1.11205,41270.17
2024-08-28 12:00:00,1.11206,1.11377,1.1105,1.1126,68276.39
2024-08-28 16:00:00,1.11261,1.11261,1.11053,1.11132,38892.85
2024-08-28 20:00:00,1.11132,1.11261,1.11123,1.11244,9872.46
2024-08-29 00:00:00,1.11245,1.11357,1.11241,1.11356,20936.15
2024-08-29 04:00:00,1.11357,1.11399,1.11162,1.11299,24914.52
2024-08-29 08:00:00,1.11299,1.11299,1.10719,1.10958,57384.27
2024-08-29 12:00:00,1.10956,1.10976,1.10556,1.10848,91667.83
2024-08-29 16:00:00,1.10849,1.10879,1.10747,1.10757,38167.87
2024-08-29 20:00:00,1.10756,1.1083,1.10743,1.108,6626.61
2024-08-30 00:00:00,1.10802,1.10828,1.10697,1.10737,21569.85
2024-08-30 04:00:00,1.10736,1.10888,1.10719,1.1084,31810.05
2024-08-30 08:00:00,1.10841,1.1095,1.10735,1.10813,48028.48
2024-08-30 12:00:00,1.10816,1.1088,1.1053,1.10597,108545.14
2024-08-30 16:00:00,1.10596,1.10597,1.10438,1.10527,48101.51
2024-08-30 20:00:00,1.10525,1.10551,1.10453,1.10456,8984.81
2024-09-01 20:00:00,1.10462,1.10496,1.1044,1.10446,8172.49
2024-09-02 00:00:00,1.10445,1.10556,1.10419,1.10484,22527.57
2024-09-02 04:00:00,1.10485,1.10702,1.10439,1.10666,30543.35
2024-09-02 08:00:00,1.10666,1.10773,1.10596,1.10596,44526.53
2024-09-02 12:00:00,1.10594,1.10718,1.10585,1.10678,27989.9
2024-09-02 16:00:00,1.10678,1.10727,1.10623,1.10722,4889.77
2024-09-02 20:00:00,1.10721,1.10727,1.10613,1.1067,3212.62
2024-09-03 00:00:00,1.10671,1.10702,1.10573,1.10579,13703.99
2024-09-03 04:00:00,1.10579,1.10676,1.1051,1.1056,25219.04
2024-09-03 08:00:00,1.10557,1.10596,1.1033,1.10363,43043.15
2024-09-03 12:00:00,1.10362,1.1069,1.10335,1.10422,122724.34
2024-09-03 16:00:00,1.10424,1.1047,1.10263,1.10418,39058.55
2024-09-03 20:00:00,1.10418,1.10503,1.10363,1.10485,10871.46
2024-09-04 00:00:00,1.10485,1.10562,1.10464,1.1054,26207.24
2024-09-04 04:00:00,1.10538,1.10628,1.10468,1.10559,35526.26
2024-09-04 08:00:00,1.10556,1.10588,1.10427,1.10503,37061.5
2024-09-04 12:00:00,1.10503,1.10951,1.104,1.10809,79017.51
2024-09-04 16:00:00,1.10809,1.10865,1.10653,1.10781,26139.44
2024-09-04 20:00:00,1.10782,1.10863,1.10755,1.10801,9808.78
2024-09-05 00:00:00,1.108,1.10854,1.10756,1.10769,20890.61
2024-09-05 04:00:00,1.10769,1.10903,1.10746,1.10871,29012.58
2024-09-05 08:00:00,1.1087,1.11082,1.1084,1.1095,44321.08
2024-09-05 12:00:00,1.10952,1.11197,1.10762,1.10952,99402.83
2024-09-05 16:00:00,1.10952,1.11132,1.10952,1.11036,33157.26
2024-09-05 20:00:00,1.11038,1.11123,1.11038,1.1111,8895.88
2024-09-06 00:00:00,1.11111,1.11161,1.11092,1.11151,23773.98
2024-09-06 04:00:00,1.11151,1.11208,1.11108,1.11158,27320.85
2024-09-06 08:00:00,1.11157,1.11207,1.11026,1.11069,35319.19
2024-09-06 12:00:00,1.1107,1.11556,1.10656,1.10856,203670.84
2024-09-06 16:00:00,1.10854,1.10895,1.10695,1.10884,55519.9
2024-09-06 20:00:00,1.10886,1.10887,1.10822,1.10825,7471.43
2024-09-08 20:00:00,1.10781,1.10908,1.10781,1.10867,13890.97
2024-09-09 00:00:00,1.10864,1.1091,1.10786,1.10799,29200.01
2024-09-09 04:00:00,1.10798,1.10802,1.10549,1.10591,33684.76
2024-09-09 08:00:00,1.10591,1.10624,1.10357,1.10448,43414.97
2024-09-09 12:00:00,1.10448,1.1052,1.1034,1.10415,56576.72
2024-09-09 16:00:00,1.10414,1.10536,1.10376,1.10382,36197.43
2024-09-09 20:00:00,1.10382,1.10396,1.10331,1.10352,8812.02
2024-09-10 00:00:00,1.10352,1.10391,1.10283,1.10384,18018.99
2024-09-10 04:00:00,1.10384,1.10496,1.10337,1.1037,32368.36
2024-09-10 08:00:00,1.1037,1.10438,1.10267,1.10312,38902.22
2024-09-10 12:00:00,1.10311,1.10368,1.10151,1.1025,67439.89
2024-09-10 16:00:00,1.10251,1.10288,1.10205,1.10268,22864.18
2024-09-10 20:00:00,1.10267,1.1027,1.10182,1.102,8427.03
2024-09-11 00:00:00,1.102,1.10443,1.10166,1.10385,29686.51
2024-09-11 04:00:00,1.10386,1.1052,1.10379,1.10412,28586.19
2024-09-11 08:00:00,1.10412,1.10549,1.10366,1.10436,38801.12
2024-09-11 12:00:00,1.10435,1.10488,1.10019,1.1012,134281.14
2024-09-11 16:00:00,1.10119,1.10265,1.10097,1.10174,43643.08
2024-09-11 20:00:00,1.10175,1.1018,1.10101,1.10102,8665.03
2024-09-12 00:00:00,1.10101,1.1014,1.10059,1.10136,22141.87
2024-09-12 04:00:00,1.10136,1.10238,1.10059,1.10076,28375.91
2024-09-12 08:00:00,1.10077,1.10235,1.10055,1.10138,44363.0
2024-09-12 12:00:00,1.10139,1.10471,1.10089,1.10401,103633.42
2024-09-12 16:00:00,1.10401,1.10716,1.1037,1.10703,51503.11
2024-09-12 20:00:00,1.10704,1.10791,1.10685,1.10789,12981.45
2024-09-13 00:00:00,1.10786,1.10902,1.10775,1.10869,28632.22
2024-09-13 04:00:00,1.1087,1.1094,1.1073,1.10924,32282.68
2024-09-13 08:00:00,1.10924,1.11007,1.10812,1.10841,60109.45
2024-09-13 12:00:00,1.10842,1.11017,1.10791,1.10844,68492.74
2024-09-13 16:00:00,1.10845,1.10858,1.1076,1.10777,30236.7
2024-09-13 20:00:00,1.10777,1.10782,1.10721,1.10732,6387.84
2024-09-15 20:00:00,1.10757,1.10894,1.10743,1.10873,8289.98
2024-09-16 00:00:00,1.10872,1.11049,1.10867,1.1104,22883.52
2024-09-16 04:00:00,1.1104,1.11197,1.10956,1.1115,33736.71
2024-09-16 08:00:00,1.11149,1.11293,1.11138,1.11237,42255.86
2024-09-16 12:00:00,1.11238,1.11374,1.11165,1.11225,60613.83
2024-09-16 16:00:00,1.11226,1.113,1.1116,1.11289,27028.22
2024-09-16 20:00:00,1.11288,1.11332,1.11232,1.11291,11098.71
2024-09-17 00:00:00,1.11291,1.11311,1.11219,1.11239,21436.96
2024-09-17 04:00:00,1.1124,1.11378,1.11156,1.11361,28182.58
2024-09-17 08:00:00,1.11361,1.11461,1.11302,1.11385,44590.78
2024-09-17 12:00:00,1.11384,1.11436,1.11117,1.11173,112411.41
2024-09-17 16:00:00,1.11172,1.11235,1.11109,1.11158,46968.25
2024-09-17 20:00:00,1.11158,1.11238,1.11124,1.1122,10397.93
2024-09-18 00:00:00,1.11221,1.11303,1.11215,1.11262,23304.96
2024-09-18 04:00:00,1.11262,1.11311,1.11152,1.11311,39869.06
2024-09-18 08:00:00,1.11311,1.11398,1.11224,1.11244,41548.34
2024-09-18 12:00:00,1.11243,1.11398,1.11082,1.11158,60229.3
2024-09-18 16:00:00,1.11158,1.11891,1.10966,1.11056,146340.17
2024-09-18 20:00:00,1.11054,1.1124,1.11043,1.11139,19731.26
2024-09-19 00:00:00,1.1114,1.11191,1.10683,1.11185,55214.06
2024-09-19 04:00:00,1.11185,1.1153,1.11149,1.11458,69344.11
2024-09-19 08:00:00,1.11457,1.11787,1.11448,1.1158,70767.39
2024-09-19 12:00:00,1.11581,1.11582,1.11164,1.11468,123240.62
2024-09-19 16:00:00,1.11469,1.11678,1.11452,1.1162,62487.34
2024-09-19 20:00:00,1.1162,1.11642,1.11584,1.11593,9957.76
2024-09-20 00:00:00,1.11593,1.11692,1.11571,1.11656,34295.8
2024-09-20 04:00:00,1.11657,1.11818,1.11594,1.11627,44983.89
2024-09-20 08:00:00,1.11626,1.11691,1.11523,1.11615,53622.31
2024-09-20 12:00:00,1.11615,1.11768,1.1136,1.11588,86913.71
2024-09-20 16:00:00,1.11588,1.11757,1.11571,1.1162,63399.07
2024-09-20 20:00:00,1.11619,1.11638,1.11561,1.11626,7163.34
2024-09-22 20:00:00,1.1158,1.11647,1.1158,1.11591,6471.67
2024-09-23 00:00:00,1.11589,1.11648,1.11558,1.11615,17704.73
2024-09-23 04:00:00,1.11615,1.11672,1.10978,1.11013,53769.23
2024-09-23 08:00:00,1.11012,1.11258,1.10831,1.11196,57900.91
2024-09-23 12:00:00,1.11197,1.11433,1.11085,1.11302,89846.23
2024-09-23 16:00:00,1.11299,1.11299,1.11119,1.11145,39341.73
2024-09-23 20:00:00,1.11146,1.11148,1.11074,1.11109,7874.08
2024-09-24 00:00:00,1.1111,1.11137,1.11033,1.11126,26366.03
2024-09-24 04:00:00,1.11125,1.11322,1.11042,1.11272,50163.56
2024-09-24 08:00:00,1.11271,1.11459,1.11221,1.1129,50921.81
2024-09-24 12:00:00,1.11289,1.11635,1.11289,1.11497,94858.62
2024-09-24 16:00:00,1.11497,1.11767,1.11493,1.11766,29604.49
2024-09-24 20:00:00,1.11766,1.1191,1.1175,1.11909,10075.49
2024-09-25 00:00:00,1.11907,1.11987,1.11853,1.1198,29958.53
2024-09-25 04:00:00,1.1198,1.11987,1.11858,1.11917,27840.91
2024-09-25 08:00:00,1.11917,1.11974,1.11782,1.11959,39533.75
2024-09-25 12:00:00,1.11959,1.1214,1.11418,1.11432,92235.12
2024-09-25 16:00:00,1.1143,1.11476,1.11215,1.11259,36630.43
2024-09-25 20:00:00,1.1126,1.11334,1.11249,1.11296,10611.99
2024-09-26 00:00:00,1.11297,1.11451,1.1129,1.11405,22675.64
2024-09-26 04:00:00,1.11404,1.11579,1.11336,1.11348,40078.38
2024-09-26 08:00:00,1.11347,1.11614,1.11257,1.1154,55394.88
2024-09-26 12:00:00,1.11541,1.11893,1.11257,1.11828,80879.85
2024-09-26 16:00:00,1.11827,1.11841,1.11662,1.11778,26809.96
2024-09-26 20:00:00,1.11778,1.11787,1.11736,1.11769,13919.74
2024-09-27 00:00:00,1.1177,1.11776,1.11624,1.1169,34751.88
2024-09-27 04:00:00,1.11689,1.1176,1.11248,1.1133,80516.93
2024-09-27 08:00:00,1.11328,1.11709,1.11263,1.11624,60853.73
2024-09-27 12:00:00,1.11625,1.1203,1.1154,1.11584,112271.21
2024-09-27 16:00:00,1.11585,1.11678,1.11463,1.1164,40697.03
2024-09-27 20:00:00,1.11639,1.11677,1.11589,1.11619,5222.51
2024-09-29 20:00:00,1.11582,1.11723,1.11526,1.11689,8642.05
2024-09-30 00:00:00,1.11688,1.11739,1.11562,1.11581,28763.19
2024-09-30 04:00:00,1.11582,1.11754,1.1156,1.11722,38561.84
2024-09-30 08:00:00,1.11721,1.12089,1.11721,1.11975,63620.91
2024-09-30 12:00:00,1.11976,1.12012,1.1135,1.11441,80533.03
2024-09-30 16:00:00,1.11442,1.11629,1.11136,1.11326,70510.1
2024-09-30 20:00:00,1.11326,1.11426,1.11289,1.11365,8785.54
2024-10-01 00:00:00,1.11365,1.11433,1.11271,1.11377,13981.0
2024-10-01 04:00:00,1.11377,1.11439,1.11116,1.1115,28190.16
2024-10-01 08:00:00,1.11153,1.11201,1.10785,1.10845,56322.33
2024-10-01 12:00:00,1.10845,1.10886,1.10565,1.10662,118841.7
2024-10-01 16:00:00,1.10662,1.10773,1.10458,1.10675,56813.47
2024-10-01 20:00:00,1.10677,1.10727,1.10634,1.10644,10939.09
2024-10-02 00:00:00,1.10645,1.10739,1.10633,1.10706,27343.55
2024-10-02 04:00:00,1.10706,1.10737,1.10541,1.10665,52350.25
2024-10-02 08:00:00,1.10664,1.10828,1.10612,1.10756,51517.11
2024-10-02 12:00:00,1.10755,1.10773,1.10325,1.10494,80589.98
2024-10-02 16:00:00,1.10495,1.10548,1.10367,1.10488,33521.7
2024-10-02 20:00:00,1.10488,1.10524,1.1043,1.10458,14318.08
2024-10-03 00:00:00,1.10459,1.10465,1.1032,1.10357,30984.77
2024-10-03 04:00:00,1.10356,1.10421,1.10248,1.1033,53255.95
2024-10-03 08:00:00,1.1033,1.10465,1.10293,1.10428,54192.78
2024-10-03 12:00:00,1.10427,1.10468,1.10082,1.10145,138607.15
2024-10-03 16:00:00,1.10147,1.10361,1.10141,1.10284,39106.14
2024-10-03 20:00:00,1.10284,1.1037,1.1026,1.10351,10696.51
2024-10-04 00:00:00,1.1035,1.10395,1.10255,1.1027,29527.12
2024-10-04 04:00:00,1.1027,1.10355,1.10251,1.10278,44538.71
2024-10-04 08:00:00,1.10278,1.10367,1.10201,1.10324,46016.05
2024-10-04 12:00:00,1.10321,1.1033,1.09548,1.09606,111448.06
2024-10-04 16:00:00,1.09606,1.09777,1.09512,1.09763,30752.9
2024-10-04 20:00:00,1.09764,1.09777,1.09725,1.09739,11744.96
2024-10-06 20:00:00,1.0962,1.09717,1.0962,1.09705,12480.08
2024-10-07 00:00:00,1.09705,1.09775,1.09681,1.09719,36691.08
2024-10-07 04:00:00,1.0972,1.09735,1.09581,1.09693,43587.84
2024-10-07 08:00:00,1.09695,1.09805,1.09542,1.09767,58703.76
2024-10-07 12:00:00,1.09768,1.09848,1.09695,1.09758,77442.59
2024-10-07 16:00:00,1.09759,1.09868,1.09657,1.09723,37988.84
2024-10-07 20:00:00,1.09723,1.09791,1.09689,1.09742,12744.78
2024-10-08 00:00:00,1.09742,1.09868,1.09727,1.09832,36912.49
2024-10-08 04:00:00,1.09832,1.09956,1.09785,1.09951,42668.74
2024-10-08 08:00:00,1.09952,1.09971,1.09785,1.09876,46039.99
2024-10-08 12:00:00,1.09876,1.09898,1.09608,1.09697,63143.27
2024-10-08 16:00:00,1.09698,1.09782,1.09657,1.09778,30227.67
2024-10-08 20:00:00,1.09778,1.09809,1.09743,1.09753,8357.37
2024-10-09 00:00:00,1.09754,1.09787,1.09667,1.09678,18989.3
2024-10-09 04:00:00,1.09678,1.0976,1.0951,1.09602,28452.42
2024-10-09 08:00:00,1.09603,1.09707,1.09533,1.0954,32065.41
2024-10-09 12:00:00,1.09539,1.09598,1.09396,1.09506,57162.06
2024-10-09 16:00:00,1.09505,1.09505,1.09362,1.09386,30102.88
2024-10-09 20:00:00,1.09386,1.09426,1.09366,1.094095,8498.22
2024-10-10 00:00:00,1.094098,1.09459,1.09389,1.09435,29914.01
2024-10-10 04:00:00,1.09435,1.09445,1.0933,1.09374,32875.61
2024-10-10 08:00:00,1.09378,1.09396,1.0927,1.0931,34084.48
2024-10-10 12:00:00,1.0931,1.09548,1.09088,1.09248,122558.84
2024-10-10 16:00:00,1.09249,1.09345,1.09,1.09344,46750.45
2024-10-10 20:00:00,1.09344,1.09376,1.09116,1.09334,8987.78
2024-10-11 00:00:00,1.09335,1.09407,1.09294,1.09395,21876.67
2024-10-11 04:00:00,1.09395,1.09453,1.09321,1.09446,27150.24
2024-10-11 08:00:00,1.09446,1.09537,1.09273,1.09309,30969.18
2024-10-11 12:00:00,1.09309,1.09524,1.0926,1.09412,70725.74
2024-10-11 16:00:00,1.09413,1.09475,1.09332,1.09332,21383.95
2024-10-11 20:00:00,1.09332,1.09381,1.09324,1.09353,6585.94
2024-10-13 20:00:00,1.0931,1.09335,1.09221,1.0923,7255.55
2024-10-14 00:00:00,1.09231,1.09291,1.09153,1.09256,22657.4
2024-10-14 04:00:00,1.09255,1.09311,1.09223,1.09282,22565.01
2024-10-14 08:00:00,1.09282,1.09366,1.09091,1.09126,39023.15
2024-10-14 12:00:00,1.09124,1.09272,1.09047,1.09068,55139.42
2024-10-14 16:00:00,1.09069,1.09085,1.08881,1.09038,25559.22
2024-10-14 20:00:00,1.09038,1.09103,1.09028,1.0909,7355.63
2024-10-15 00:00:00,1.0909,1.09097,1.08957,1.08964,19591.37
2024-10-15 04:00:00,1.08964,1.08987,1.08849,1.08986,31431.04
2024-10-15 08:00:00,1.08985,1.09161,1.08971,1.09008,37390.49
2024-10-15 12:00:00,1.0901,1.09167,1.08986,1.08989,49971.36
2024-10-15 16:00:00,1.08989,1.09023,1.08819,1.08868,24135.25
2024-10-15 20:00:00,1.08868,1.08927,1.08831,1.08832,9415.75
2024-10-16 00:00:00,1.08832,1.08956,1.08821,1.08909,22048.07
2024-10-16 04:00:00,1.08908,1.0893,1.08752,1.08821,33366.47
2024-10-16 08:00:00,1.08821,1.08972,1.08777,1.08943,37256.17
2024-10-16 12:00:00,1.08944,1.09014,1.08661,1.08724,53278.59
2024-10-16 16:00:00,1.08723,1.08767,1.08532,1.08577,24843.85
2024-10-16 20:00:00,1.08577,1.08705,1.08562,1.08587,11276.85
2024-10-17 00:00:00,1.08588,1.0865,1.08512,1.0853,38099.19
2024-10-17 04:00:00,1.0853,1.08583,1.0849,1.08546,35443.75
2024-10-17 08:00:00,1.08545,1.08673,1.0849,1.08632,40422.76
2024-10-17 12:00:00,1.08633,1.08737,1.0811,1.08365,105526.51
2024-10-17 16:00:00,1.08366,1.08369,1.0821,1.08279,28784.48
2024-10-17 20:00:00,1.08279,1.08331,1.08252,1.08291,10344.44
2024-10-18 00:00:00,1.08291,1.08396,1.08274,1.08385,34158.8
2024-10-18 04:00:00,1.08386,1.08486,1.08369,1.08409,38103.96
2024-10-18 08:00:00,1.0841,1.08518,1.08341,1.08482,41326.52
2024-10-18 12:00:00,1.08481,1.08645,1.08466,1.08535,56117.16
2024-10-18 16:00:00,1.08534,1.08682,1.08528,1.08638,25312.62
2024-10-18 20:00:00,1.08638,1.08694,1.0863,1.08655,5327.2
2024-10-20 20:00:00,1.08605,1.08717,1.08605,1.08681,5088.08
2024-10-21 00:00:00,1.08682,1.08688,1.08636,1.08662,36314.77
2024-10-21 04:00:00,1.08662,1.08662,1.08462,1.0848,31685.07
2024-10-21 08:00:00,1.0848,1.08582,1.08447,1.08557,30591.39
2024-10-21 12:00:00,1.08557,1.0859,1.08199,1.08199,50777.03
2024-10-21 16:00:00,1.08199,1.0823,1.08111,1.08153,25778.56
2024-10-21 20:00:00,1.08152,1.08176,1.08121,1.08153,10184.99
2024-10-22 00:00:00,1.08151,1.08213,1.08142,1.0819,29570.65
2024-10-22 04:00:00,1.0819,1.0838,1.0818,1.08366,29168.57
2024-10-22 08:00:00,1.08365,1.0837,1.08143,1.08175,40532.05
2024-10-22 12:00:00,1.08174,1.08216,1.08009,1.08045,59476.03
2024-10-22 16:00:00,1.08044,1.08143,1.07939,1.07948,27164.99
2024-10-22 20:00:00,1.07947,1.07999,1.07926,1.07962,9322.86
2024-10-23 00:00:00,1.07962,1.08053,1.07922,1.08021,38173.97
2024-10-23 04:00:00,1.08022,1.08066,1.07806,1.07817,46231.85
2024-10-23 08:00:00,1.07816,1.07914,1.0763,1.07631,49558.23
2024-10-23 12:00:00,1.07632,1.07862,1.07612,1.07787,59943.11
2024-10-23 16:00:00,1.07787,1.07865,1.07672,1.07857,34885.17
2024-10-23 20:00:00,1.07858,1.07864,1.07794,1.07803,7922.52
2024-10-24 00:00:00,1.07804,1.07898,1.07798,1.07868,35528.08
2024-10-24 04:00:00,1.07868,1.07987,1.07706,1.07955,54796.01
2024-10-24 08:00:00,1.07954,1.0808,1.0792,1.0795,50058.75
2024-10-24 12:00:00,1.0795,1.08113,1.07881,1.08049,75640.43
2024-10-24 16:00:00,1.0805,1.08289,1.08026,1.08289,31115.39
2024-10-24 20:00:00,1.0829,1.08298,1.08226,1.08237,7949.33
2024-10-25 00:00:00,1.08239,1.08275,1.082,1.08217,20694.6
2024-10-25 04:00:00,1.08216,1.08273,1.08136,1.08242,24781.19
2024-10-25 08:00:00,1.08242,1.08372,1.08214,1.08214,22730.58
2024-10-25 12:00:00,1.08214,1.08392,1.08107,1.08121,51400.39
2024-10-25 16:00:00,1.08121,1.08121,1.0793,1.07956,28343.23
2024-10-25 20:00:00,1.07957,1.07972,1.07945,1.07945,8091.9
2024-10-27 20:00:00,1.07933,1.08015,1.07866,1.0796,13450.16
2024-10-28 00:00:00,1.0796,1.08012,1.0782,1.07828,43902.15
2024-10-28 04:00:00,1.07829,1.08056,1.07819,1.08042,31708.32
2024-10-28 08:00:00,1.08042,1.08213,1.08009,1.08194,39801.72
2024-10-28 12:00:00,1.08194,1.08276,1.08131,1.08188,51033.56
2024-10-28 16:00:00,1.08187,1.08262,1.08099,1.08152,30181.95
2024-10-28 20:00:00,1.08153,1.08178,1.08107,1.08176,8250.05
2024-10-29 00:00:00,1.08175,1.08192,1.08061,1.0808,33590.61
2024-10-29 04:00:00,1.0808,1.08161,1.08054,1.08095,29189.67
2024-10-29 08:00:00,1.08094,1.08263,1.07967,1.07992,45002.9
2024-10-29 12:00:00,1.07991,1.08121,1.07688,1.07975,94403.27
2024-10-29 16:00:00,1.07974,1.08163,1.07923,1.08139,46759.67
2024-10-29 20:00:00,1.08139,1.08217,1.08121,1.08197,10063.75
2024-10-30 00:00:00,1.08196,1.08259,1.08136,1.08141,41225.69
2024-10-30 04:00:00,1.08141,1.08263,1.0813,1.08191,28556.33
2024-10-30 08:00:00,1.0819,1.08593,1.0819,1.08242,65228.95
2024-10-30 12:00:00,1.08242,1.08668,1.08079,1.08637,104567.52
2024-10-30 16:00:00,1.08636,1.08713,1.08537,1.08604,42306.33
2024-10-30 20:00:00,1.08605,1.08618,1.08538,1.08582,13658.91
2024-10-31 00:00:00,1.08581,1.08592,1.08441,1.08498,30374.88
2024-10-31 04:00:00,1.08497,1.08635,1.0845,1.08589,36646.04
2024-10-31 08:00:00,1.0859,1.08753,1.08511,1.0868,48335.52
2024-10-31 12:00:00,1.08682,1.08881,1.08461,1.08554,104248.27
2024-10-31 16:00:00,1.08554,1.08783,1.08536,1.08773,48490.36
2024-10-31 20:00:00,1.08775,1.08863,1.08772,1.08839,12076.01
2024-11-01 00:00:00,1.08838,1.08885,1.08751,1.08763,37293.1
2024-11-01 04:00:00,1.08762,1.08789,1.08679,1.08679,31475.45
2024-11-01 08:00:00,1.08679,1.08693,1.08524,1.08679,40753.11
2024-11-01 12:00:00,1.0868,1.09057,1.08472,1.08484,119193.09
2024-11-01 16:00:00,1.08485,1.08543,1.0834,1.08358,40365.64
2024-11-01 20:00:00,1.08359,1.0837,1.08317,1.08327,8644.44
2024-11-03 20:00:00,1.08778,1.08811,1.08719,1.08727,11347.11
2024-11-04 00:00:00,1.08728,1.09049,1.08699,1.09015,49880.87
2024-11-04 04:00:00,1.09015,1.0903,1.08871,1.08912,50202.82
2024-11-04 08:00:00,1.08913,1.0914,1.08892,1.09134,45056.55
2024-11-04 12:00:00,1.09133,1.09147,1.08933,1.08992,71367.33
2024-11-04 16:00:00,1.08992,1.09009,1.08777,1.08788,39068.36
2024-11-04 20:00:00,1.08788,1.08814,1.08733,1.08735,10397.2
2024-11-05 00:00:00,1.08736,1.08797,1.08724,1.08757,21963.47
2024-11-05 04:00:00,1.08757,1.08907,1.08743,1.08886,24700.84
2024-11-05 08:00:00,1.08888,1.09017,1.08842,1.08994,36761.14
2024-11-05 12:00:00,1.08994,1.09122,1.08894,1.0902,56623.22
2024-11-05 16:00:00,1.09021,1.09365,1.09011,1.0931,43867.91
2024-11-05 20:00:00,1.09311,1.09369,1.09118,1.09339,17878.28
2024-11-06 00:00:00,1.09338,1.09339,1.0719,1.07464,231875.91
2024-11-06 04:00:00,1.07463,1.07944,1.07027,1.07342,193984.17
2024-11-06 08:00:00,1.07342,1.07812,1.07011,1.0708,135750.36
2024-11-06 12:00:00,1.07081,1.07397,1.06824,1.07383,159353.07
2024-11-06 16:00:00,1.07383,1.0758,1.07257,1.07351,83806.21
2024-11-06 20:00:00,1.07352,1.07384,1.07249,1.07315,22370.04
2024-11-07 00:00:00,1.07316,1.07413,1.07129,1.07398,42302.01
2024-11-07 04:00:00,1.07398,1.07701,1.07341,1.0752,42686.64
2024-11-07 08:00:00,1.07522,1.07716,1.07459,1.07589,71010.27
2024-11-07 12:00:00,1.0759,1.08247,1.07566,1.0811,103646.03
2024-11-07 16:00:00,1.0811,1.08149,1.07669,1.07817,96133.19
2024-11-07 20:00:00,1.07819,1.08094,1.078,1.07954,36567.65
2024-11-08 00:00:00,1.07954,1.07973,1.07769,1.07781,48368.09
2024-11-08 04:00:00,1.07781,1.07863,1.07727,1.07796,43516.37
2024-11-08 08:00:00,1.07796,1.07974,1.07609,1.07829,81579.25
2024-11-08 12:00:00,1.07831,1.07843,1.07402,1.07483,88707.06
2024-11-08 16:00:00,1.07483,1.07502,1.06868,1.07136,75647.25
2024-11-08 20:00:00,1.07136,1.07214,1.07103,1.07182,24093.39
2024-11-10 20:00:00,1.07093,1.07169,1.07075,1.07132,6688.48
2024-11-11 00:00:00,1.07131,1.07277,1.07087,1.07167,27667.44
2024-11-11 04:00:00,1.07167,1.07221,1.06858,1.06899,29503.83
2024-11-11 08:00:00,1.069,1.06942,1.06557,1.06624,57815.8
2024-11-11 12:00:00,1.06628,1.06645,1.06286,1.06473,62380.01
2024-11-11 16:00:00,1.06473,1.06573,1.06448,1.06511,29392.67
2024-11-11 20:00:00,1.06512,1.06631,1.06512,1.06631,10921.69
2024-11-12 00:00:00,1.0663,1.06631,1.0638,1.06382,43582.38
2024-11-12 04:00:00,1.06382,1.06457,1.06214,1.0632,45442.75
2024-11-12 08:00:00,1.06319,1.06341,1.06111,1.06188,62022.19
2024-11-12 12:00:00,1.06188,1.06272,1.06019,1.06089,79376.73
2024-11-12 16:00:00,1.0609,1.06185,1.05951,1.06124,51652.48
2024-11-12 20:00:00,1.06124,1.06266,1.06094,1.06166,18391.08
2024-11-13 00:00:00,1.06166,1.06294,1.06109,1.06191,15728.2
2024-11-13 04:00:00,1.0619,1.06225,1.06024,1.0603,19763.69
2024-11-13 08:00:00,1.06029,1.0638,1.05933,1.06375,36096.78
2024-11-13 12:00:00,1.06375,1.0654,1.05556,1.05886,149877.84
2024-11-13 16:00:00,1.05887,1.0592,1.05564,1.05655,63641.39
2024-11-13 20:00:00,1.05655,1.05688,1.05577,1.05657,14990.9992
2024-11-14 00:00:00,1.05656,1.05686,1.05454,1.05477,38969.99
2024-11-14 04:00:00,1.05477,1.05546,1.05339,1.0551,40588.52
2024-11-14 08:00:00,1.0551,1.05579,1.0496,1.05288,65740.57
2024-11-14 12:00:00,1.0529,1.05777,1.05134,1.05748,124450.92
2024-11-14 16:00:00,1.05747,1.05825,1.05433,1.05477,54104.78
2024-11-14 20:00:00,1.05478,1.05489,1.05119,1.05295,54492.9144
2024-11-15 00:00:00,1.05295,1.05459,1.05236,1.05402,43385.23
2024-11-15 04:00:00,1.05402,1.05639,1.05336,1.05565,39657.61
2024-11-15 08:00:00,1.05566,1.05799,1.05523,1.05772,54464.54
2024-11-15 12:00:00,1.05771,1.0593,1.05231,1.05352,129956.9
2024-11-15 16:00:00,1.05351,1.056,1.0533,1.05371,80563.98
2024-11-15 20:00:00,1.05371,1.05404,1.05163,1.05394,17353.06
2024-11-17 20:00:00,1.0528,1.05384,1.0528,1.05362,4535.42
2024-11-18 00:00:00,1.05362,1.05505,1.05302,1.05341,27120.33
2024-11-18 04:00:00,1.0534,1.05482,1.05334,1.05472,22488.21
2024-11-18 08:00:00,1.05472,1.05711,1.05325,1.05423,63390.74
2024-11-18 12:00:00,1.05424,1.05754,1.05346,1.05736,70844.71
2024-11-18 16:00:00,1.05735,1.06071,1.05652,1.05908,45438.7
2024-11-18 20:00:00,1.05907,1.06004,1.0589,1.05945,11861.86
2024-11-19 00:00:00,1.05945,1.06007,1.05871,1.05967,36025.32
2024-11-19 04:00:00,1.05969,1.06007,1.05744,1.05775,40269.37
2024-11-19 08:00:00,1.05774,1.0588,1.05233,1.05619,119645.84
2024-11-19 12:00:00,1.0562,1.0601,1.05595,1.05866,108577.59
2024-11-19 16:00:00,1.05867,1.05952,1.05708,1.05936,54262.72
2024-11-19 20:00:00,1.05935,1.0608,1.05859,1.0607,16314.36
2024-11-20 00:00:00,1.0607,1.06097,1.05883,1.05897,29284.39
2024-11-20 04:00:00,1.05896,1.05954,1.05765,1.05783,41064.41
2024-11-20 08:00:00,1.05782,1.0579,1.05421,1.05543,67437.14
2024-11-20 12:00:00,1.05545,1.05679,1.05159,1.05214,75323.93
2024-11-20 16:00:00,1.05215,1.05423,1.05068,1.05395,54752.07
2024-11-20 20:00:00,1.05393,1.05459,1.05362,1.05456,15739.34
2024-11-21 00:00:00,1.05457,1.05531,1.05424,1.0553,27436.9
2024-11-21 04:00:00,1.05531,1.05548,1.05295,1.05364,51109.2
2024-11-21 08:00:00,1.05365,1.05432,1.05138,1.052,73916.53
2024-11-21 12:00:00,1.052,1.05447,1.05089,1.05103,101723.35
2024-11-21 16:00:00,1.05103,1.05146,1.04645,1.04844,74300.39
2024-11-21 20:00:00,1.04843,1.04867,1.04676,1.0469,14215.39
2024-11-22 00:00:00,1.04689,1.04782,1.04663,1.0475,35246.03
2024-11-22 04:00:00,1.0475,1.04892,1.04615,1.04861,43504.07
2024-11-22 08:00:00,1.04861,1.04981,1.03325,1.04165,122401.53
2024-11-22 12:00:00,1.04167,1.04346,1.03951,1.04106,120807.09
2024-11-22 16:00:00,1.04107,1.04254,1.03919,1.04109,51522.59
2024-11-22 20:00:00,1.04108,1.04201,1.0408,1.04193,11582.83
2024-11-24 20:00:00,1.04806,1.05013,1.04618,1.04793,23692.89
2024-11-25 00:00:00,1.04792,1.049,1.04735,1.04778,54777.53
2024-11-25 04:00:00,1.04778,1.04895,1.04498,1.04504,50719.82
2024-11-25 08:00:00,1.04505,1.0497,1.0449,1.04793,97903.03
2024-11-25 12:00:00,1.04794,1.05303,1.0474,1.04884,120185.26
2024-11-25 16:00:00,1.04884,1.05107,1.04667,1.05055,55362.04
2024-11-25 20:00:00,1.05052,1.05093,1.04428,1.04437,32036.89
2024-11-26 00:00:00,1.04437,1.04801,1.0425,1.04779,93536.08
2024-11-26 04:00:00,1.04779,1.04904,1.0472,1.0472,54023.37
2024-11-26 08:00:00,1.0472,1.05209,1.047,1.05132,90860.37
2024-11-26 12:00:00,1.05132,1.05447,1.04786,1.04796,118792.35
2024-11-26 16:00:00,1.04796,1.04862,1.04571,1.04727,73301.86
2024-11-26 20:00:00,1.04727,1.0492,1.04717,1.04918,19448.43
2024-11-27 00:00:00,1.04918,1.04964,1.04777,1.04829,37235.95
2024-11-27 04:00:00,1.04829,1.05052,1.04744,1.04982,36020.1
2024-11-27 08:00:00,1.04982,1.05402,1.04961,1.05261,101021.67
2024-11-27 12:00:00,1.05261,1.05797,1.05199,1.05706,119603.61
2024-11-27 16:00:00,1.05706,1.05876,1.05549,1.05628,60454.79
2024-11-27 20:00:00,1.05628,1.05692,1.05593,1.05619,17780.86
2024-11-28 00:00:00,1.05619,1.05627,1.05473,1.05522,32725.81
2024-11-28 04:00:00,1.05524,1.0558,1.05319,1.05415,35311.7
2024-11-28 08:00:00,1.05414,1.05563,1.05275,1.055,89787.19
2024-11-28 12:00:00,1.05498,1.0557,1.05302,1.05525,65952.75
2024-11-28 16:00:00,1.05524,1.05568,1.05475,1.05566,14565.28
2024-11-28 20:00:00,1.05566,1.05621,1.05502,1.056,6515.2
2024-11-29 00:00:00,1.05601,1.0576,1.05564,1.05736,37697.01
2024-11-29 04:00:00,1.05736,1.05971,1.05652,1.05795,44541.68
2024-11-29 08:00:00,1.05794,1.0582,1.05518,1.05625,95273.5
2024-11-29 12:00:00,1.05626,1.05684,1.05454,1.05612,101005.16
2024-11-29 16:00:00,1.05612,1.058,1.05414,1.05795,70072.02
2024-11-29 20:00:00,1.05796,1.05843,1.05747,1.05748,21015.27
2024-12-01 20:00:00,1.05711,1.05733,1.05336,1.05439,11421.03
2024-12-02 00:00:00,1.05439,1.05463,1.052,1.05235,47651.91
2024-12-02 04:00:00,1.05235,1.0537,1.05018,1.05027,64798.6
2024-12-02 08:00:00,1.05027,1.05288,1.04959,1.05229,88718.83
2024-12-02 12:00:00,1.05229,1.05382,1.0462,1.0469,128527.18
2024-12-02 16:00:00,1.04691,1.04989,1.04607,1.04903,70340.91
2024-12-02 20:00:00,1.04902,1.05158,1.04887,1.05008,32292.04
2024-12-03 00:00:00,1.05008,1.05014,1.04823,1.04903,52238.89
2024-12-03 04:00:00,1.04903,1.05115,1.04807,1.0498,44234.29
2024-12-03 08:00:00,1.04981,1.05307,1.04972,1.05226,79944.17
2024-12-03 12:00:00,1.05225,1.0529,1.0492,1.05166,96300.49
2024-12-03 16:00:00,1.05165,1.0535,1.05031,1.05045,65937.3
2024-12-03 20:00:00,1.05045,1.05126,1.05028,1.05099,17916.47
2024-12-04 00:00:00,1.05098,1.05125,1.04879,1.04936,44419.04
2024-12-04 04:00:00,1.04936,1.05289,1.04908,1.0509,48663.36
2024-12-04 08:00:00,1.0509,1.05148,1.04825,1.05048,76063.91
2024-12-04 12:00:00,1.05047,1.05439,1.04723,1.05294,120391.78
2024-12-04 16:00:00,1.05293,1.05425,1.05072,1.05138,77932.81
2024-12-04 20:00:00,1.05138,1.05173,1.05049,1.05123,16643.2
2024-12-05 00:00:00,1.05124,1.05232,1.05081,1.05229,32770.88
2024-12-05 04:00:00,1.05228,1.05386,1.05171,1.05353,34427.9
2024-12-05 08:00:00,1.05352,1.05463,1.05213,1.05364,59776.99
2024-12-05 12:00:00,1.05364,1.05896,1.05237,1.05722,95528.32
2024-12-05 16:00:00,1.05721,1.05886,1.0557,1.05873,66935.77
2024-12-05 20:00:00,1.05873,1.05883,1.0581,1.05865,17844.92
2024-12-06 00:00:00,1.05864,1.05864,1.05659,1.05759,39983.51
2024-12-06 04:00:00,1.05759,1.05845,1.05674,1.05836,31063.51
2024-12-06 08:00:00,1.05837,1.0594,1.05713,1.05869,51621.09
2024-12-06 12:00:00,1.05869,1.06298,1.05441,1.05633,138403.04
2024-12-06 16:00:00,1.05633,1.05754,1.05423,1.05543,55739.36
2024-12-06 20:00:00,1.05544,1.05694,1.0554,1.05673,11322.23
2024-12-08 20:00:00,1.05544,1.05692,1.05544,1.05656,5853.05
2024-12-09 00:00:00,1.05657,1.05659,1.05366,1.05372,33294.84
2024-12-09 04:00:00,1.05373,1.05664,1.0532,1.05642,42546.84
2024-12-09 08:00:00,1.05641,1.05853,1.05566,1.05688,70742.0
2024-12-09 12:00:00,1.05688,1.05928,1.05578,1.05911,72863.32
2024-12-09 16:00:00,1.05912,1.05944,1.05516,1.05552,32672.8
2024-12-09 20:00:00,1.05552,1.05576,1.05471,1.05541,14557.71
2024-12-10 00:00:00,1.05542,1.05614,1.05452,1.05564,40593.6
2024-12-10 04:00:00,1.05566,1.0568,1.05469,1.05488,34904.29
2024-12-10 08:00:00,1.05487,1.05515,1.0523,1.05312,56745.41
2024-12-10 12:00:00,1.05313,1.05337,1.04984,1.05037,70270.22
2024-12-10 16:00:00,1.05039,1.05312,1.04997,1.05268,40732.44
2024-12-10 20:00:00,1.05267,1.05318,1.05236,1.05311,11357.44
2024-12-11 00:00:00,1.05312,1.05393,1.05276,1.05282,30944.69
2024-12-11 04:00:00,1.05281,1.05303,1.0488,1.04899,49502.84
2024-12-11 08:00:00,1.049,1.05124,1.0487,1.05033,66756.33
2024-12-11 12:00:00,1.05033,1.05373,1.04802,1.04906,115388.04
2024-12-11 16:00:00,1.04907,1.05119,1.04816,1.04911,57221.86
2024-12-11 20:00:00,1.04912,1.05064,1.04882,1.05053,11798.1
2024-12-12 00:00:00,1.0506,1.05087,1.05009,1.05053,8279.68
2024-12-12 04:00:00,1.05052,1.05308,1.05034,1.05163,18260.29
2024-12-12 08:00:00,1.05162,1.05207,1.04942,1.05025,35284.34
2024-12-12 12:00:00,1.05025,1.05209,1.04637,1.04728,101031.11
2024-12-12 16:00:00,1.04727,1.05174,1.04718,1.04726,68613.47
2024-12-12 20:00:00,1.04725,1.04746,1.04641,1.04736,15189.35
2024-12-13 00:00:00,1.04736,1.04808,1.04595,1.04602,21749.36
2024-12-13 04:00:00,1.04602,1.04661,1.04531,1.04592,15611.07
2024-12-13 08:00:00,1.04592,1.04958,1.04562,1.04887,41606.34
2024-12-13 12:00:00,1.04887,1.05241,1.04822,1.0489,48982.25
2024-12-13 16:00:00,1.0489,1.0506,1.04868,1.04946,40978.86
2024-12-13 20:00:00,1.04949,1.05045,1.04927,1.05017,8497.42
2024-12-15 20:00:00,1.04854,1.05107,1.04847,1.05096,8104.372
2024-12-16 00:00:00,1.05095,1.05228,1.05091,1.05117,30065.24
2024-12-16 04:00:00,1.05119,1.05214,1.05043,1.05048,29034.61
2024-12-16 08:00:00,1.05048,1.05247,1.04833,1.04906,54290.11
2024-12-16 12:00:00,1.04906,1.05127,1.04745,1.05065,53298.61
2024-12-16 16:00:00,1.05066,1.05226,1.04951,1.05099,31670.3
2024-12-16 20:00:00,1.05099,1.05185,1.05066,1.0517,7574.4927
2024-12-17 00:00:00,1.0517,1.05343,1.05113,1.05122,14437.51
2024-12-17 04:00:00,1.05123,1.05125,1.04956,1.04975,16299.3
2024-12-17 08:00:00,1.04974,1.05003,1.0479,1.04913,41799.81
2024-12-17 12:00:00,1.04913,1.05115,1.04882,1.04989,41172.34
2024-12-17 16:00:00,1.04989,1.05159,1.04879,1.04883,26210.86
2024-12-17 20:00:00,1.04883,1.04952,1.04851,1.04944,6602.15
2024-12-18 00:00:00,1.04943,1.05037,1.04928,1.0499,11607.45
2024-12-18 04:00:00,1.04989,1.05127,1.04935,1.04968,13974.27
2024-12-18 08:00:00,1.04967,1.05034,1.04874,1.04966,23603.56
2024-12-18 12:00:00,1.04966,1.05032,1.047,1.04738,48870.59
2024-12-18 16:00:00,1.04738,1.04924,1.03732,1.03774,58601.2
2024-12-18 20:00:00,1.03774,1.03803,1.03439,1.03506,38445.44
2024-12-19 00:00:00,1.03506,1.03909,1.03504,1.03782,22149.89
2024-12-19 04:00:00,1.03781,1.04094,1.03749,1.03949,24735.44
2024-12-19 08:00:00,1.03949,1.04222,1.03904,1.04034,52989.31
2024-12-19 12:00:00,1.04035,1.04139,1.03767,1.03799,90979.8
2024-12-19 16:00:00,1.03798,1.03843,1.03545,1.03613,66996.32
2024-12-19 20:00:00,1.03614,1.03691,1.03586,1.03643,13794.25
2024-12-20 00:00:00,1.03644,1.03692,1.03587,1.03618,14656.02
2024-12-20 04:00:00,1.03619,1.03853,1.03429,1.03828,22938.53
2024-12-20 08:00:00,1.03828,1.03983,1.03759,1.03915,51026.47
2024-12-20 12:00:00,1.03916,1.0419,1.0386,1.03967,90104.76
2024-12-20 16:00:00,1.03967,1.04474,1.03959,1.04447,80087.07
2024-12-20 20:00:00,1.04446,1.04471,1.04219,1.04254,16528.66
2024-12-22 20:00:00,1.04308,1.04451,1.04279,1.04336,7548.82
2024-12-23 00:00:00,1.04335,1.04431,1.04268,1.04392,13972.4
2024-12-23 04:00:00,1.04391,1.04452,1.04112,1.04127,27439.27
2024-12-23 08:00:00,1.04126,1.04195,1.03867,1.03999,50178.74
2024-12-23 12:00:00,1.03999,1.04084,1.03842,1.03908,78619.98
2024-12-23 16:00:00,1.03908,1.04179,1.03893,1.04114,32007.28
2024-12-23 20:00:00,1.04113,1.04141,1.0403,1.0404,7917.18
2024-12-24 00:00:00,1.04041,1.04086,1.03887,1.03908,7958.76
2024-12-24 04:00:00,1.03909,1.03985,1.03903,1.03904,17329.98
2024-12-24 08:00:00,1.03906,1.04055,1.03891,1.03947,36263.71
2024-12-24 12:00:00,1.03949,1.04098,1.0389,1.03917,48362.17
2024-12-24 16:00:00,1.03916,1.03977,1.03835,1.0393,26684.14
2024-12-24 20:00:00,1.03934,1.04031,1.0386,1.03952,8760.63
2024-12-25 00:00:00,1.03952,1.04106,1.03952,1.0405,364.05
2024-12-25 04:00:00,1.04051,1.04083,1.0397,1.04004,570.03
2024-12-25 20:00:00,1.04012,1.04055,1.03951,1.03991,4920.82
2024-12-26 00:00:00,1.0399,1.04042,1.0393,1.04009,12144.37
2024-12-26 04:00:00,1.04007,1.04027,1.03905,1.03976,14987.48
2024-12-26 08:00:00,1.03975,1.0403,1.03914,1.04012,15896.44
2024-12-26 12:00:00,1.04011,1.04151,1.03926,1.04089,47596.94
2024-12-26 16:00:00,1.04089,1.04301,1.04063,1.04175,36111.55
2024-12-26 20:00:00,1.04175,1.04241,1.04146,1.04216,16883.8474
2024-12-27 00:00:00,1.04216,1.04237,1.04065,1.04125,13548.01
2024-12-27 04:00:00,1.04126,1.04248,1.04049,1.04218,26814.12
2024-12-27 08:00:00,1.04217,1.04407,1.0409,1.04386,49501.62
2024-12-27 12:00:00,1.04387,1.0444,1.04157,1.04219,75805.92
2024-12-27 16:00:00,1.04219,1.04324,1.04144,1.04282,46879.45
2024-12-27 20:00:00,1.04283,1.04283,1.04216,1.04225,10840.9
2024-12-29 20:00:00,1.04247,1.04346,1.04247,1.04292,3144.25
2024-12-30 00:00:00,1.04297,1.04311,1.04208,1.04245,8258.48
2024-12-30 04:00:00,1.04245,1.04314,1.04209,1.04267,23053.51
2024-12-30 08:00:00,1.04266,1.04521,1.04093,1.04479,57571.88
2024-12-30 12:00:00,1.0448,1.04583,1.03717,1.03804,86217.39
2024-12-30 16:00:00,1.03803,1.0407,1.03747,1.03965,35117.86
2024-12-30 20:00:00,1.03966,1.04071,1.03951,1.04056,9061.42
2024-12-31 00:00:00,1.04057,1.04148,1.03969,1.04085,12395.73
2024-12-31 04:00:00,1.04084,1.04129,1.03996,1.04118,12254.0
2024-12-31 08:00:00,1.0412,1.04243,1.04051,1.04103,33694.25
2024-12-31 12:00:00,1.04103,1.04143,1.03525,1.03547,76535.14
2024-12-31 16:00:00,1.03548,1.03646,1.0344,1.03547,30184.98
2024-12-31 20:00:00,1.03547,1.0363,1.03526,1.03526,4499.56
